id,name,level,damage,cd,cp,desc,description_highlights,element,collection,table,gold,tokens,obtained_by,reference_url,source,verification_status,image,image_source
wiki-7d6efec997ad,Twister,1,20,3,30,Release one giant twister,[],Wind,fandom_ninjutsu,Wind Ninjutsu,100,0,,https://ninjasaga.fandom.com/wiki/Twister,"Ninja Saga Wiki (Fandom), Lista principal de Ninjutsu. Version historica; no confirma los valores del servidor actual. Se excluye iOS.",pendiente_verificacion_en_juego,,https://static.wikia.nocookie.net/ninjasaga/images/c/c2/Twister.png/revision/latest?cb=20110704042456
wiki-47d7e467d425,Wind Cannon,2,26,5,32,Release a cannon gust of wind,[],Wind,fandom_ninjutsu,Wind Ninjutsu,200,0,,https://ninjasaga.fandom.com/wiki/Wind_Cannon,"Ninja Saga Wiki (Fandom), Lista principal de Ninjutsu. Version historica; no confirma los valores del servidor actual. Se excluye iOS.",pendiente_verificacion_en_juego,,https://static.wikia.nocookie.net/ninjasaga/images/b/bf/Wind.png/revision/latest?cb=20110616191716
wiki-25955d6111a0,Dual Twister,3,32,7,40,Releases two giant twisters,[],Wind,fandom_ninjutsu,Wind Ninjutsu,300,0,,https://ninjasaga.fandom.com/wiki/Dual_Twister,"Ninja Saga Wiki (Fandom), Lista principal de Ninjutsu. Version historica; no confirma los valores del servidor actual. Se excluye iOS.",pendiente_verificacion_en_juego,,https://static.wikia.nocookie.net/ninjasaga/images/e/e9/Dual_Twister.png/revision/latest?cb=20110711022224
wiki-f3949e948eeb,Whirlwind Spin,4,40,8,48,Forms an enormous wind sphere by spinning 360 degrees,[],Wind,fandom_ninjutsu,Wind Ninjutsu,400,0,,https://ninjasaga.fandom.com/wiki/Whirlwind_Spin,"Ninja Saga Wiki (Fandom), Lista principal de Ninjutsu. Version historica; no confirma los valores del servidor actual. Se excluye iOS.",pendiente_verificacion_en_juego,,https://static.wikia.nocookie.net/ninjasaga/images/c/c8/Whirlwind_Spin.png/revision/latest?cb=20110712035247
wiki-27dad8dd3838,Wind Vortex,5,48,8,56,Releases wind vortex from ones body,[],Wind,fandom_ninjutsu,Wind Ninjutsu,510,0,,https://ninjasaga.fandom.com/wiki/Wind_Vortex,"Ninja Saga Wiki (Fandom), Lista principal de Ninjutsu. Version historica; no confirma los valores del servidor actual. Se excluye iOS.",pendiente_verificacion_en_juego,,https://static.wikia.nocookie.net/ninjasaga/images/4/4c/Wind_Vortex.png/revision/latest?cb=20110712034636
wiki-dbfa7b6f6088,Wind Assault,6,56,8,64,Releases a wind gust strike,[],Wind,fandom_ninjutsu,Wind Ninjutsu,610,0,,https://ninjasaga.fandom.com/wiki/Wind_Assault,"Ninja Saga Wiki (Fandom), Lista principal de Ninjutsu. Version historica; no confirma los valores del servidor actual. Se excluye iOS.",pendiente_verificacion_en_juego,,https://static.wikia.nocookie.net/ninjasaga/images/f/fe/Wind_Assault.png/revision/latest?cb=20110719041741
wiki-964dec8cbf3e,Wind Gust,7,64,8,72,Releases heavy gust of wind,[],Wind,fandom_ninjutsu,Wind Ninjutsu,640,0,,https://ninjasaga.fandom.com/wiki/Wind_Gust,"Ninja Saga Wiki (Fandom), Lista principal de Ninjutsu. Version historica; no confirma los valores del servidor actual. Se excluye iOS.",pendiente_verificacion_en_juego,,https://static.wikia.nocookie.net/ninjasaga/images/2/28/Wind_Gust.png/revision/latest?cb=20110714060851
wiki-941c590db504,Wind Rush,8,72,8,72,Transforming into a twister drilling an enemy continously.,[],Wind,fandom_ninjutsu,Wind Ninjutsu,660,0,,https://ninjasaga.fandom.com/wiki/Wind_Rush,"Ninja Saga Wiki (Fandom), Lista principal de Ninjutsu. Version historica; no confirma los valores del servidor actual. Se excluye iOS.",pendiente_verificacion_en_juego,,https://static.wikia.nocookie.net/ninjasaga/images/5/56/Wind_Rush.png/revision/latest?cb=20110719042103
wiki-fed526ad27b2,Dual Wind Assault,9,40 (x2),8,88,A combination of wind assault and wind cannon.,[],Wind,fandom_ninjutsu,Wind Ninjutsu,750,0,,https://ninjasaga.fandom.com/wiki/Dual_Wind_Assault,"Ninja Saga Wiki (Fandom), Lista principal de Ninjutsu. Version historica; no confirma los valores del servidor actual. Se excluye iOS.",pendiente_verificacion_en_juego,,https://static.wikia.nocookie.net/ninjasaga/images/4/48/Dual_Wind_Assault.png/revision/latest?cb=20110720134105
wiki-2eabbdc13b50,Kinjutsu: Evasion,10,0,10,50,(Kinjutsu) Increase dodge chance by 40% /42%/45%/49%/55%/55% for 3 /3/3/3/3/4 turns.,"[""40%"", ""3""]",Wind,fandom_ninjutsu,Wind Ninjutsu,"1,000",0,,https://ninjasaga.fandom.com/wiki/Kinjutsu:_Evasion,"Ninja Saga Wiki (Fandom), Lista principal de Ninjutsu. Version historica; no confirma los valores del servidor actual. Se excluye iOS.",pendiente_verificacion_en_juego,,https://static.wikia.nocookie.net/ninjasaga/images/c/cf/Kinjutsu_-_Evasion.png/revision/latest?cb=20110708164241
wiki-82dbdaba0e1f,Kinjutsu: Evasion II,20,0,12,132,(Kinjutsu) Increase dodge chance by 40%/ 42% /45%/49%/55%/55% for 3/ 3 /3/3/3/4 turns.,"[""42%"", ""3""]",Wind,fandom_ninjutsu,Wind Ninjutsu,"1,000",0,,https://ninjasaga.fandom.com/wiki/Kinjutsu:_Evasion_II,"Ninja Saga Wiki (Fandom), Lista principal de Ninjutsu. Version historica; no confirma los valores del servidor actual. Se excluye iOS.",pendiente_verificacion_en_juego,,https://static.wikia.nocookie.net/ninjasaga/images/b/bf/Wind.png/revision/latest?cb=20110616191716
wiki-bdc0bbe2f45f,Kinjutsu: Evasion III,30,0,12,192,(Kinjutsu) Increase dodge chance by 40%/42%/ 45% /49%/55%/55% for 3/3/ 3 /3/3/4 turns.,"[""45%"", ""3""]",Wind,fandom_ninjutsu,Wind Ninjutsu,"1,000",0,,https://ninjasaga.fandom.com/wiki/Kinjutsu:_Evasion_III,"Ninja Saga Wiki (Fandom), Lista principal de Ninjutsu. Version historica; no confirma los valores del servidor actual. Se excluye iOS.",pendiente_verificacion_en_juego,,
wiki-2027b8c293e6,Kinjutsu: Evasion IV,40,0,12,252,(Kinjutsu) Increase dodge chance by 40%/42%/45%/ 49% /55%/55% for 3/3/3/ 3 /3/4 turns.,"[""49%"", ""3""]",Wind,fandom_ninjutsu,Wind Ninjutsu,"1,000",0,,https://ninjasaga.fandom.com/wiki/Kinjutsu:_Evasion_IV,"Ninja Saga Wiki (Fandom), Lista principal de Ninjutsu. Version historica; no confirma los valores del servidor actual. Se excluye iOS.",pendiente_verificacion_en_juego,,
wiki-60f6536adef7,Kinjutsu: Evasion V,50,0,12,312,(Kinjutsu) Increase dodge chance by 40%/42%/45%/49%/ 55% /55% for 3/3/3/3/ 3 /4 turns.,"[""55%"", ""3""]",Wind,fandom_ninjutsu,Wind Ninjutsu,"1,000",0,,https://ninjasaga.fandom.com/wiki/Kinjutsu:_Evasion_V,"Ninja Saga Wiki (Fandom), Lista principal de Ninjutsu. Version historica; no confirma los valores del servidor actual. Se excluye iOS.",pendiente_verificacion_en_juego,,
wiki-abe7a9ed16fb,Kinjutsu: Evasion VI,60,0,12,372,(Kinjutsu) Increase dodge chance by 40%/42%/45%/49%/55%/ 55% for 3/3/3/3/3/ 4 turns.,"[""55%"", ""4""]",Wind,fandom_ninjutsu,Wind Ninjutsu,"1,000",0,,https://ninjasaga.fandom.com/wiki/Kinjutsu:_Evasion_VI,"Ninja Saga Wiki (Fandom), Lista principal de Ninjutsu. Version historica; no confirma los valores del servidor actual. Se excluye iOS.",pendiente_verificacion_en_juego,,https://static.wikia.nocookie.net/ninjasaga/images/9/98/Evasion_IVI.jpg/revision/latest?cb=20140907103148
wiki-75b8646acd06,Twin Tornado,11,48 (x2),8,104,Create two tornado and strike your enemies.,[],Wind,fandom_ninjutsu,Wind Ninjutsu,920,0,,https://ninjasaga.fandom.com/wiki/Twin_Tornado,"Ninja Saga Wiki (Fandom), Lista principal de Ninjutsu. Version historica; no confirma los valores del servidor actual. Se excluye iOS.",pendiente_verificacion_en_juego,,https://static.wikia.nocookie.net/ninjasaga/images/5/50/Twin_Tornado.png/revision/latest?cb=20110730150022
wiki-e87de5d50be1,Summoning: Free Exercise Attack,12,104,8,112,Summons Hurricane of the SNF to cause damage to target using a series of acrobatic moves.,[],Wind,fandom_ninjutsu,Wind Ninjutsu,"1,010",0,,https://ninjasaga.fandom.com/wiki/Summoning:_Free_Exercise_Attack,"Ninja Saga Wiki (Fandom), Lista principal de Ninjutsu. Version historica; no confirma los valores del servidor actual. Se excluye iOS.",pendiente_verificacion_en_juego,,https://static.wikia.nocookie.net/ninjasaga/images/b/bf/Summoning_-_Free_Exercise_Attack.png/revision/latest?cb=20120801165624
wiki-6bff3bfcb701,Dagger of Wind,13,116,8,120,Creates a dagger wind attack,[],Wind,fandom_ninjutsu,Wind Ninjutsu,"1,100",0,,https://ninjasaga.fandom.com/wiki/Dagger_of_Wind,"Ninja Saga Wiki (Fandom), Lista principal de Ninjutsu. Version historica; no confirma los valores del servidor actual. Se excluye iOS.",pendiente_verificacion_en_juego,,https://static.wikia.nocookie.net/ninjasaga/images/0/09/Dagger_of_Wind.png/revision/latest?cb=20110813040843
wiki-a22c0a82e855,Wind Storm,15,128,8,136,Create a wind storm and attack the enemy.,[],Wind,fandom_ninjutsu,Wind Ninjutsu,"1,290",0,,https://ninjasaga.fandom.com/wiki/Wind_Storm,"Ninja Saga Wiki (Fandom), Lista principal de Ninjutsu. Version historica; no confirma los valores del servidor actual. Se excluye iOS.",pendiente_verificacion_en_juego,,https://static.wikia.nocookie.net/ninjasaga/images/a/a8/Wind_Storm.png/revision/latest?cb=20110818165948
wiki-6c0bffd30f70,Wind Cutter,17,144,8,152,Concentrate chakra in your hand and release a sharp cutter made from wind.,[],Wind,fandom_ninjutsu,Wind Ninjutsu,"1,490",0,,https://ninjasaga.fandom.com/wiki/Wind_Cutter,"Ninja Saga Wiki (Fandom), Lista principal de Ninjutsu. Version historica; no confirma los valores del servidor actual. Se excluye iOS.",pendiente_verificacion_en_juego,,https://static.wikia.nocookie.net/ninjasaga/images/a/a4/Wind_Cutter.png/revision/latest?cb=20110906134901
wiki-c98019c55345,Kinjutsu: Blade of Wind,20,147,8,100,(Kinjutsu) Wind attack that causes bleeding effect(Bleeding + 25% /27%/30%/35%/35% damage taken for 3 /3/3/3/4 turns),"[""25%"", ""3""]",Wind,fandom_ninjutsu,Wind Ninjutsu,"1,000",0,,https://ninjasaga.fandom.com/wiki/Kinjutsu:_Blade_of_Wind,"Ninja Saga Wiki (Fandom), Lista principal de Ninjutsu. Version historica; no confirma los valores del servidor actual. Se excluye iOS.",pendiente_verificacion_en_juego,,https://static.wikia.nocookie.net/ninjasaga/images/8/8a/Kinjutsu_-_Blade_of_Wind.png/revision/latest?cb=20110708164554
wiki-a026d830bd16,Kinjutsu: Blade of Wind II,30,,,192,(Kinjutsu) Wind attack that causes bleeding effect(Bleeding +25%/ 27% /30%/35%/35% damage taken for 3/ 3 /3/3/4 turns),"[""27%"", ""3""]",Wind,fandom_ninjutsu,Wind Ninjutsu,"1,000",0,,https://ninjasaga.fandom.com/wiki/Kinjutsu:_Blade_of_Wind_II,"Ninja Saga Wiki (Fandom), Lista principal de Ninjutsu. Version historica; no confirma los valores del servidor actual. Se excluye iOS.",pendiente_verificacion_en_juego,,
wiki-0bb0e4ed1bf9,Kinjutsu: Blade of Wind III,40,,,252,(Kinjutsu) Wind attack that causes bleeding effect(Bleeding +25%/27%/ 30% /35%/35% damage taken for 3/3/ 3 /3/4 turns),"[""30%"", ""3""]",Wind,fandom_ninjutsu,Wind Ninjutsu,"1,000",0,,https://ninjasaga.fandom.com/wiki/Kinjutsu:_Blade_of_Wind_III,"Ninja Saga Wiki (Fandom), Lista principal de Ninjutsu. Version historica; no confirma los valores del servidor actual. Se excluye iOS.",pendiente_verificacion_en_juego,,
wiki-0896901ea94b,Kinjutsu: Blade of Wind IV,50,,,312,(Kinjutsu) Wind attack that causes bleeding effect(Bleeding +25%/27%/30%/ 35% /35% damage taken for 3/3/3/ 3 /4 turns),"[""35%"", ""3""]",Wind,fandom_ninjutsu,Wind Ninjutsu,"1,000",0,,https://ninjasaga.fandom.com/wiki/Kinjutsu:_Blade_of_Wind_IV,"Ninja Saga Wiki (Fandom), Lista principal de Ninjutsu. Version historica; no confirma los valores del servidor actual. Se excluye iOS.",pendiente_verificacion_en_juego,,
wiki-a7d611c62cb8,Kinjutsu: Blade of Wind V,60,,,372,(Kinjutsu) Wind attack that causes bleeding effect(Bleeding +25%/27%/30%/35%/ 35% damage taken for 3/3/3/3/ 4 turns),"[""35%"", ""4""]",Wind,fandom_ninjutsu,Wind Ninjutsu,"1,000",0,,https://ninjasaga.fandom.com/wiki/Kinjutsu:_Blade_of_Wind_V,"Ninja Saga Wiki (Fandom), Lista principal de Ninjutsu. Version historica; no confirma los valores del servidor actual. Se excluye iOS.",pendiente_verificacion_en_juego,,https://static.wikia.nocookie.net/ninjasaga/images/a/a8/Blade_Of_Wind_V.jpg/revision/latest?cb=20140907104043
wiki-e5a6a8a87082,Wind Piercing Strike,21,176,8,184,Spin in high speed and emit wind power from body,[],Wind,fandom_ninjutsu,Wind Ninjutsu,"4,570",0,,https://ninjasaga.fandom.com/wiki/Wind_Piercing_Strike,"Ninja Saga Wiki (Fandom), Lista principal de Ninjutsu. Version historica; no confirma los valores del servidor actual. Se excluye iOS.",pendiente_verificacion_en_juego,,https://static.wikia.nocookie.net/ninjasaga/images/1/12/Wind_Piercing_Strike.png/revision/latest?cb=20111202235018
wiki-31192a798276,Wind Edge Chop,23,192,10,192,Concentrate chakra in your hand and release wind edge to chop the enemy.,[],Wind,fandom_ninjutsu,Wind Ninjutsu,"5,130",0,,https://ninjasaga.fandom.com/wiki/Wind_Edge_Chop,"Ninja Saga Wiki (Fandom), Lista principal de Ninjutsu. Version historica; no confirma los valores del servidor actual. Se excluye iOS.",pendiente_verificacion_en_juego,,https://static.wikia.nocookie.net/ninjasaga/images/3/32/Wind_Edge_Chop.png/revision/latest?cb=20111203000311
wiki-6b86dcba159f,Flash Wind Chop,26,216,8,224,Release wind edge in your hand to spear the enemy weakness.,[],Wind,fandom_ninjutsu,Wind Ninjutsu,"6,100",0,,https://ninjasaga.fandom.com/wiki/Flash_Wind_Chop,"Ninja Saga Wiki (Fandom), Lista principal de Ninjutsu. Version historica; no confirma los valores del servidor actual. Se excluye iOS.",pendiente_verificacion_en_juego,,https://static.wikia.nocookie.net/ninjasaga/images/7/73/Flash_Wind_Chop.png/revision/latest?cb=20111203001021
wiki-d9bceef6fab0,Summoning: Balance Beam Blade of Cyclone,28,232,8,240,Summons Hurricane of the SNF to use the Balance Beam Cyclone Attack.,[],Wind,fandom_ninjutsu,Wind Ninjutsu,"6,880",0,,https://ninjasaga.fandom.com/wiki/Summoning:_Balance_Beam_Blade_of_Cyclone,"Ninja Saga Wiki (Fandom), Lista principal de Ninjutsu. Version historica; no confirma los valores del servidor actual. Se excluye iOS.",pendiente_verificacion_en_juego,,https://static.wikia.nocookie.net/ninjasaga/images/7/74/Summoning_-_Balance_Beam_Blade_of_Cyclone.png/revision/latest?cb=20120814145519
wiki-b901b6250669,Dual Wind Cutter,29,120 (x2),8,248,Concentrate chakra in your hand and release two sharp cutters made from wind.,[],Wind,fandom_ninjutsu,Wind Ninjutsu,"7,320",0,,https://ninjasaga.fandom.com/wiki/Dual_Wind_Cutter,"Ninja Saga Wiki (Fandom), Lista principal de Ninjutsu. Version historica; no confirma los valores del servidor actual. Se excluye iOS.",pendiente_verificacion_en_juego,,https://static.wikia.nocookie.net/ninjasaga/images/7/76/Dual_Wind_Cutter.png/revision/latest?cb=20111203001118
wiki-12c35b3892f5,Kinjutsu: Wind Peace,30,0,10,150,(Kinjutsu) Increase dodge rate by 20% /22%/22%/22%. Recover 8% /8%/9%/9% CP each turn. (Apply to whole team) ( 3 /3/3/4 turns),"[""20%"", ""8%"", ""3""]",Wind,fandom_ninjutsu,Wind Ninjutsu,"1,000",0,,https://ninjasaga.fandom.com/wiki/Kinjutsu:_Wind_Peace,"Ninja Saga Wiki (Fandom), Lista principal de Ninjutsu. Version historica; no confirma los valores del servidor actual. Se excluye iOS.",pendiente_verificacion_en_juego,,https://static.wikia.nocookie.net/ninjasaga/images/1/1f/Kinjutsu_-_Wind_Peace.png/revision/latest?cb=20110708164958
wiki-7b93a98c11ac,Kinjutsu: Wind Peace II,40,0,12,252,(Kinjutsu) Increase dodge rate by 20%/ 22% /22%/22%. Recover 8%/ 8% /9%/9% CP each turn. (Apply to whole team) (3/ 3 /3/4 turns),"[""22%"", ""8%"", ""3""]",Wind,fandom_ninjutsu,Wind Ninjutsu,"1,000",0,,https://ninjasaga.fandom.com/wiki/Kinjutsu:_Wind_Peace_II,"Ninja Saga Wiki (Fandom), Lista principal de Ninjutsu. Version historica; no confirma los valores del servidor actual. Se excluye iOS.",pendiente_verificacion_en_juego,,
wiki-455150d38f2e,Kinjutsu: Wind Peace III,50,0,12,312,(Kinjutsu) Increase dodge rate by 20%/22%/ 22% /22%. Recover 8%/8%/ 9% /9% CP each turn. (Apply to whole team) (3/3/ 3 /4 turns),"[""22%"", ""9%"", ""3""]",Wind,fandom_ninjutsu,Wind Ninjutsu,"1,000",0,,https://ninjasaga.fandom.com/wiki/Kinjutsu:_Wind_Peace_III,"Ninja Saga Wiki (Fandom), Lista principal de Ninjutsu. Version historica; no confirma los valores del servidor actual. Se excluye iOS.",pendiente_verificacion_en_juego,,
wiki-38404a0c38b1,Kinjutsu: Wind Peace IV,60,0,12,372,(Kinjutsu) Increase dodge rate by 20%/22%/22%/ 22% . Recover 8%/8%/9%/ 9% CP each turn. (Apply to whole team) (3/3/3/ 4 turns),"[""22%"", ""9%"", ""4""]",Wind,fandom_ninjutsu,Wind Ninjutsu,"1,000",0,,https://ninjasaga.fandom.com/wiki/Kinjutsu:_Wind_Peace_IV,"Ninja Saga Wiki (Fandom), Lista principal de Ninjutsu. Version historica; no confirma los valores del servidor actual. Se excluye iOS.",pendiente_verificacion_en_juego,,https://static.wikia.nocookie.net/ninjasaga/images/8/8a/Wind_Peace_IV.jpg/revision/latest?cb=20140907105104
wiki-fc1a8e5125dd,Wind Blade Crossings,31,256,8,264,Ride on a wind blade and strike target.,[],Wind,fandom_ninjutsu,Wind Ninjutsu,"8,330",0,,https://ninjasaga.fandom.com/wiki/Wind_Blade_Crossings,"Ninja Saga Wiki (Fandom), Lista principal de Ninjutsu. Version historica; no confirma los valores del servidor actual. Se excluye iOS.",pendiente_verificacion_en_juego,,https://static.wikia.nocookie.net/ninjasaga/images/c/ca/Wind_Blade_Crossings.png/revision/latest?cb=20111203001211
wiki-e5f93cb7958c,Wind Piercing Tornado,34,280,8,288,Spin in high speed and emit wind power as tornado.,[],Wind,fandom_ninjutsu,Wind Ninjutsu,"10,320",0,,https://ninjasaga.fandom.com/wiki/Wind_Piercing_Tornado,"Ninja Saga Wiki (Fandom), Lista principal de Ninjutsu. Version historica; no confirma los valores del servidor actual. Se excluye iOS.",pendiente_verificacion_en_juego,,https://static.wikia.nocookie.net/ninjasaga/images/a/a4/Wind_Piercing_Tornado.png/revision/latest?cb=20111203001325
wiki-dbac978056e5,Moon Cleave,36,296,8,304,Release wind edge and cleave your enemy in a circle track.,[],Wind,fandom_ninjutsu,Wind Ninjutsu,"12,100",0,,https://ninjasaga.fandom.com/wiki/Moon_Cleave,"Ninja Saga Wiki (Fandom), Lista principal de Ninjutsu. Version historica; no confirma los valores del servidor actual. Se excluye iOS.",pendiente_verificacion_en_juego,,https://static.wikia.nocookie.net/ninjasaga/images/f/f8/Moon_Cleave.png/revision/latest?cb=20111203001434
wiki-bf78d80a0698,Kinjutsu: Dance of Fujin,40,0,14,200,(Kinjutsu) Reduce 4 /4/5 cooldown turns of skills that are resting.,"[""4""]",Wind,fandom_ninjutsu,Wind Ninjutsu,"1,000",0,,https://ninjasaga.fandom.com/wiki/Kinjutsu:_Dance_of_Fujin,"Ninja Saga Wiki (Fandom), Lista principal de Ninjutsu. Version historica; no confirma los valores del servidor actual. Se excluye iOS.",pendiente_verificacion_en_juego,,https://static.wikia.nocookie.net/ninjasaga/images/7/72/Kinjutsu_-_Dance_of_Fujin.png/revision/latest?cb=20110708165203
wiki-55081e4a787f,Kinjutsu: Dance of Fujin II,50,0,,312,(Kinjutsu) Reduce 4/ 4 /5 cooldown turns of skills that are resting.,"[""4""]",Wind,fandom_ninjutsu,Wind Ninjutsu,"1,000",0,,https://ninjasaga.fandom.com/wiki/Kinjutsu:_Dance_of_Fujin_II,"Ninja Saga Wiki (Fandom), Lista principal de Ninjutsu. Version historica; no confirma los valores del servidor actual. Se excluye iOS.",pendiente_verificacion_en_juego,,
wiki-64bf48e3f06b,Kinjutsu: Dance of Fujin III,60,0,,372,(Kinjutsu) Reduce 4/4/ 5 cooldown turns of skills that are resting.,"[""5""]",Wind,fandom_ninjutsu,Wind Ninjutsu,"1,000",0,,https://ninjasaga.fandom.com/wiki/Kinjutsu:_Dance_of_Fujin_III,"Ninja Saga Wiki (Fandom), Lista principal de Ninjutsu. Version historica; no confirma los valores del servidor actual. Se excluye iOS.",pendiente_verificacion_en_juego,,
wiki-9602817f3e63,Wind Blade Extension,40,328,8,336,Release a wind blade from hand and extend to enemy with a high speed.,[],Wind,fandom_ninjutsu,Wind Ninjutsu,"17,400",0,,https://ninjasaga.fandom.com/wiki/Wind_Blade_Extension,"Ninja Saga Wiki (Fandom), Lista principal de Ninjutsu. Version historica; no confirma los valores del servidor actual. Se excluye iOS.",pendiente_verificacion_en_juego,,https://static.wikia.nocookie.net/ninjasaga/images/8/85/Wind_Blade_Extension.png/revision/latest?cb=20111203001529
wiki-758ab87827ff,Double Moon Cleave,42,172 (x2),8,352,Double attack target by cleaving your enemy.,[],Wind,fandom_ninjutsu,Wind Ninjutsu,"25,500",0,,https://ninjasaga.fandom.com/wiki/Double_Moon_Cleave,"Ninja Saga Wiki (Fandom), Lista principal de Ninjutsu. Version historica; no confirma los valores del servidor actual. Se excluye iOS.",pendiente_verificacion_en_juego,,https://static.wikia.nocookie.net/ninjasaga/images/8/8b/Double_Moon_Cleave.png/revision/latest?cb=20111203001621
wiki-91800322e30f,Straight Wind Slash,44,360,8,368,Slash target horizontally with a windy blade.,[],Wind,fandom_ninjutsu,Wind Ninjutsu,"30,900",0,,https://ninjasaga.fandom.com/wiki/Straight_Wind_Slash,"Ninja Saga Wiki (Fandom), Lista principal de Ninjutsu. Version historica; no confirma los valores del servidor actual. Se excluye iOS.",pendiente_verificacion_en_juego,,https://static.wikia.nocookie.net/ninjasaga/images/a/aa/Straight_Wind_Slash.png/revision/latest?cb=20111203001718
wiki-6eb968e1b0f2,Wind Blade Combat,48,392,8,400,Release wind blade to stab enemy.,[],Wind,fandom_ninjutsu,Wind Ninjutsu,"47,800",0,,https://ninjasaga.fandom.com/wiki/Wind_Blade_Combat,"Ninja Saga Wiki (Fandom), Lista principal de Ninjutsu. Version historica; no confirma los valores del servidor actual. Se excluye iOS.",pendiente_verificacion_en_juego,,https://static.wikia.nocookie.net/ninjasaga/images/9/9c/Wind_Blade_Combat.png/revision/latest?cb=20111203001821
wiki-0ef6fdbeb48d,Kinjutsu: Infinite Whirlwind Breakthrough,50,0,12,250,"Remove all negative status, reduce 1 Wind Ninjutsu Cool Down on every attack the player receives ( 2 /3 Turns).","[""2""]",Wind,fandom_ninjutsu,Wind Ninjutsu,"1,000",0,,https://ninjasaga.fandom.com/wiki/Kinjutsu:_Infinite_Whirlwind_Breakthrough,"Ninja Saga Wiki (Fandom), Lista principal de Ninjutsu. Version historica; no confirma los valores del servidor actual. Se excluye iOS.",pendiente_verificacion_en_juego,,https://static.wikia.nocookie.net/ninjasaga/images/0/0f/Kinjutsu_-_Infinite_Whirlwind_Breakthrough.png/revision/latest?cb=20110708165536
wiki-1de4d96abdb0,Kinjutsu: Infinite Whirlwind Breakthrough II,60,0,,,"Remove all negative status, reduce 1 Wind Ninjutsu Cool Down on every attack the player receives (2/ 3 Turns).","[""3""]",Wind,fandom_ninjutsu,Wind Ninjutsu,"1,000",0,,https://ninjasaga.fandom.com/wiki/Kinjutsu:_Infinite_Whirlwind_Breakthrough_II,"Ninja Saga Wiki (Fandom), Lista principal de Ninjutsu. Version historica; no confirma los valores del servidor actual. Se excluye iOS.",pendiente_verificacion_en_juego,,
wiki-ed28e1e63e81,Infinity Wind Chop,54,440,8,448,Create wind blade and hurt target at a stunning speed.,[],Wind,fandom_ninjutsu,Wind Ninjutsu,"95,100",0,,https://ninjasaga.fandom.com/wiki/Infinity_Wind_Chop,"Ninja Saga Wiki (Fandom), Lista principal de Ninjutsu. Version historica; no confirma los valores del servidor actual. Se excluye iOS.",pendiente_verificacion_en_juego,,https://static.wikia.nocookie.net/ninjasaga/images/f/f5/Infinity_Wind_Chop.png/revision/latest?cb=20111203001920
wiki-ea73d9b2400e,Wind Cross Cut,57,464,8,472,"Create wind blade and stab target within a fast, cross-shaped movement.",[],Wind,fandom_ninjutsu,Wind Ninjutsu,"129,350",0,,https://ninjasaga.fandom.com/wiki/Wind_Cross_Cut,"Ninja Saga Wiki (Fandom), Lista principal de Ninjutsu. Version historica; no confirma los valores del servidor actual. Se excluye iOS.",pendiente_verificacion_en_juego,,https://static.wikia.nocookie.net/ninjasaga/images/f/f6/Wind_Cross_Cut.png/revision/latest?cb=20111203002031
wiki-19d620213f94,Kinjutsu: Fujin Vacuum Storm,60,488,12,300,"Reduce 20% critical chance (4 turns), increase 3 Lightning Ninjutsu cool down, receives extra 20% damage if player is under 'Kinjutsu: Infinite Wind Breakthrough' status effect.",[],Wind,fandom_ninjutsu,Wind Ninjutsu,"1,000",0,,https://ninjasaga.fandom.com/wiki/Kinjutsu:_Fujin_Vacuum_Storm,"Ninja Saga Wiki (Fandom), Lista principal de Ninjutsu. Version historica; no confirma los valores del servidor actual. Se excluye iOS.",pendiente_verificacion_en_juego,,https://static.wikia.nocookie.net/ninjasaga/images/3/3d/Kinjutsu_-_Fujin_Vacuum_Storm.png/revision/latest?cb=20110708165650
wiki-f19e08b54ac1,Tornado Step,60,488,8,496,Spin at an astonishing speed and generate a tornado.,[],Wind,fandom_ninjutsu,Wind Ninjutsu,"177,400",0,,https://ninjasaga.fandom.com/wiki/Tornado_Step,"Ninja Saga Wiki (Fandom), Lista principal de Ninjutsu. Version historica; no confirma los valores del servidor actual. Se excluye iOS.",pendiente_verificacion_en_juego,,https://static.wikia.nocookie.net/ninjasaga/images/a/ab/Tornado_Step.png/revision/latest?cb=20111203002121
wiki-4b89ba2732af,Fuji-ryu Sonic Edge,62,252 (x2),8,512,Attack target in wind speed.,[],Wind,fandom_ninjutsu,Wind Ninjutsu,"195,570",0,,https://ninjasaga.fandom.com/wiki/Fuji-ryu_Sonic_Edge,"Ninja Saga Wiki (Fandom), Lista principal de Ninjutsu. Version historica; no confirma los valores del servidor actual. Se excluye iOS.",pendiente_verificacion_en_juego,,https://static.wikia.nocookie.net/ninjasaga/images/f/f3/Fuji-ryu_Sonic_Edge.png/revision/latest?cb=20111203002205
wiki-f8b4bde2d81e,Speedy Wind Kick,65,528,8,536,Form a storm around the legs and attack target.,[],Wind,fandom_ninjutsu,Wind Ninjutsu,"225,720",0,,https://ninjasaga.fandom.com/wiki/Speedy_Wind_Kick,"Ninja Saga Wiki (Fandom), Lista principal de Ninjutsu. Version historica; no confirma los valores del servidor actual. Se excluye iOS.",pendiente_verificacion_en_juego,,https://static.wikia.nocookie.net/ninjasaga/images/4/4a/Speedy_Wind_Kick.png/revision/latest?cb=20111203002247
wiki-25b5f33b6724,Surprise Wind Strike,70,568,8,576,Ride along the wind and attack target.,[],Wind,fandom_ninjutsu,Wind Ninjutsu,"304,780",0,,https://ninjasaga.fandom.com/wiki/Surprise_Wind_Strike,"Ninja Saga Wiki (Fandom), Lista principal de Ninjutsu. Version historica; no confirma los valores del servidor actual. Se excluye iOS.",pendiente_verificacion_en_juego,,https://static.wikia.nocookie.net/ninjasaga/images/4/40/Surprise_Wind_Strike.png/revision/latest?cb=20111203002326
wiki-800387e8f328,Kinjutsu: Wind Shuriken Guard,70,0,12,372,"(Kinjutsu) Protect the user with violent wind. Reduces attackers HP by 750 and inflicts ""Bleeding"" status to attackers for 3 turns. (Bleeding: 40%, 1 turn)",[],Wind,fandom_ninjutsu,Wind Ninjutsu,0,900,,https://ninjasaga.fandom.com/wiki/Ninjutsu,"Ninja Saga Wiki (Fandom), Lista principal de Ninjutsu. Version historica; no confirma los valores del servidor actual. Se excluye iOS.",pendiente_verificacion_en_juego,,https://static.wikia.nocookie.net/ninjasaga/images/b/bf/Wind.png/revision/latest?cb=20110616191716
wiki-375e579f2fe9,Cross Wind Blast,75,608,8,616,Release a powerful storm to attack target.,[],Wind,fandom_ninjutsu,Wind Ninjutsu,"412,540",0,,https://ninjasaga.fandom.com/wiki/Cross_Wind_Blast,"Ninja Saga Wiki (Fandom), Lista principal de Ninjutsu. Version historica; no confirma los valores del servidor actual. Se excluye iOS.",pendiente_verificacion_en_juego,,https://static.wikia.nocookie.net/ninjasaga/images/3/31/Cross_Wind_Blast.png/revision/latest?cb=20111203002424
wiki-7f2134a45f87,Whirlwind Blast Palm,80,648,8,656,Release many storms with one punch.,[],Wind,fandom_ninjutsu,Wind Ninjutsu,"536,020",0,,https://ninjasaga.fandom.com/wiki/Whirlwind_Blast_Palm,"Ninja Saga Wiki (Fandom), Lista principal de Ninjutsu. Version historica; no confirma los valores del servidor actual. Se excluye iOS.",pendiente_verificacion_en_juego,,https://static.wikia.nocookie.net/ninjasaga/images/7/75/Whirlwind_Blast_Palm.png/revision/latest?cb=20111213215306
wiki-fdbf72e7f8a1,Summoning: Wind Vault Kick,80,389,8,"1,968",Summons Hurricane of the SNF to use the Vault-jump Wind Blade to cause damage. Opponent team is inflicted negative effect 'Bleeding' for 3 turns (Bleeding: +20% damage taken).,[],Wind,fandom_ninjutsu,Wind Ninjutsu,"1,000",0,,https://ninjasaga.fandom.com/wiki/Summoning:_Wind_Vault_Kick,"Ninja Saga Wiki (Fandom), Lista principal de Ninjutsu. Version historica; no confirma los valores del servidor actual. Se excluye iOS.",pendiente_verificacion_en_juego,,https://static.wikia.nocookie.net/ninjasaga/images/7/74/Summoning_-_Wind_Vault_Kick.png/revision/latest?cb=20120813154805
wiki-9b83251f84e8,Tempest Dragon,85,748,10,756,Shoots all targets with a dragon made of strong wind.,[],Wind,fandom_ninjutsu,Wind Ninjutsu,"1,000,000",0,,https://ninjasaga.fandom.com/wiki/Ninjutsu,"Ninja Saga Wiki (Fandom), Lista principal de Ninjutsu. Version historica; no confirma los valores del servidor actual. Se excluye iOS.",pendiente_verificacion_en_juego,,https://static.wikia.nocookie.net/ninjasaga/images/b/bf/Wind.png/revision/latest?cb=20110616191716
wiki-fd6a051a1f87,Vacuum Bomb,90,798,10,806,"Blasts an area with air. Inflicts ""Bleeding"" status to target 1 turn. (Bleeding: 20%, 1 turn)",[],Wind,fandom_ninjutsu,Wind Ninjutsu,0,?,,https://ninjasaga.fandom.com/wiki/Ninjutsu,"Ninja Saga Wiki (Fandom), Lista principal de Ninjutsu. Version historica; no confirma los valores del servidor actual. Se excluye iOS.",pendiente_verificacion_en_juego,,https://static.wikia.nocookie.net/ninjasaga/images/b/bf/Wind.png/revision/latest?cb=20110616191716
wiki-b7aafbf445a5,Kinjutsu: Five Sense Breakthrough,5,0,50,10,(Kinjutsu) User consumes all CP and gains the 'Flexible' status (2 turns) (Increase dodge chance by 100%),[],Wind,fandom_ninjutsu,Event Wind Ninjutsu,,,Materials Market during 3rd Anniversary : x1 Heart of Kari x1 Crystal of Kari x20 Primary Ninja Ribbon x10 Intermediate Ninja Ribbon x10 Superior Ninja Ribbon x10 Winner Certificate,https://ninjasaga.fandom.com/wiki/Kinjutsu:_Five_Sense_Breakthrough,"Ninja Saga Wiki (Fandom), Lista principal de Ninjutsu. Version historica; no confirma los valores del servidor actual. Se excluye iOS.",pendiente_verificacion_en_juego,,https://static.wikia.nocookie.net/ninjasaga/images/4/45/Kinjutsu_-_Five_Sense_Breakthrough.png/revision/latest?cb=20120719202646
wiki-d373d8fb5151,Kinjutsu: Shokaze Futekina,40,361,4,336,(Kinjutsu) This jutsu which can be used more frequently,[],Wind,fandom_ninjutsu,Event Wind Ninjutsu,,,Materials Market during 3rd Anniversary : x1 Heart of Kari x1 Crystal of Kari x6 Primary Ninja Ribbon x4 Intermediate Ninja Ribbon x4 Superior Ninja Ribbon x4 Winner Certificate,https://ninjasaga.fandom.com/wiki/Kinjutsu:_Shokaze_Futekina,"Ninja Saga Wiki (Fandom), Lista principal de Ninjutsu. Version historica; no confirma los valores del servidor actual. Se excluye iOS.",pendiente_verificacion_en_juego,,https://static.wikia.nocookie.net/ninjasaga/images/9/9b/Kinjutsu_-_Shokaze_Futekina.png/revision/latest?cb=20120719211139
wiki-58395ea27403,Kinjutsu: Kamaitachi Gekitotsu,80,713,8,656,(Kinjutsu) Target's CP reduced by 1300,[],Wind,fandom_ninjutsu,Event Wind Ninjutsu,,,Materials Market during 3rd Anniversary : x1 Heart of Kari x1 Crystal of Kari x24 Primary Ninja Ribbon x12 Intermediate Ninja Ribbon x12 Superior Ninja Ribbon x12 Winner Certificate,https://ninjasaga.fandom.com/wiki/Kinjutsu:_Kamaitachi_Gekitotsu,"Ninja Saga Wiki (Fandom), Lista principal de Ninjutsu. Version historica; no confirma los valores del servidor actual. Se excluye iOS.",pendiente_verificacion_en_juego,,https://static.wikia.nocookie.net/ninjasaga/images/6/6f/Kinjutsu_-_Kamaitachi_Gekitotsu.png/revision/latest?cb=20120719211940
wiki-b3ad3147c348,Fire Ball,1,20,3,30,Emit a ball of fire from character's mouth.,[],Fire,fandom_ninjutsu,Fire Ninjutsu,100,0,,https://ninjasaga.fandom.com/wiki/Fire_Ball,"Ninja Saga Wiki (Fandom), Lista principal de Ninjutsu. Version historica; no confirma los valores del servidor actual. Se excluye iOS.",pendiente_verificacion_en_juego,,https://static.wikia.nocookie.net/ninjasaga/images/d/d6/Fire_Ball.png/revision/latest?cb=20110713040353
wiki-bc700345fb08,Fiery Spike Wheel,2,36,6,40,Releases a spiky wheel fire,[],Fire,fandom_ninjutsu,Fire Ninjutsu,200,0,,https://ninjasaga.fandom.com/wiki/Fiery_Spike_Wheel,"Ninja Saga Wiki (Fandom), Lista principal de Ninjutsu. Version historica; no confirma los valores del servidor actual. Se excluye iOS.",pendiente_verificacion_en_juego,,https://static.wikia.nocookie.net/ninjasaga/images/e/e3/Fiery_Spike_Wheel.png/revision/latest?cb=20110703050230
wiki-b4872b679d32,Fire Explosion,3,48,8,50,Releases a multiple fire explosion,[],Fire,fandom_ninjutsu,Fire Ninjutsu,300,0,,https://ninjasaga.fandom.com/wiki/Fire_Explosion,"Ninja Saga Wiki (Fandom), Lista principal de Ninjutsu. Version historica; no confirma los valores del servidor actual. Se excluye iOS.",pendiente_verificacion_en_juego,,https://static.wikia.nocookie.net/ninjasaga/images/2/2f/Fire_Explosion.png/revision/latest?cb=20110703153029
wiki-dbd03b30a623,Fiery Flame,4,60,10,60,Emit a jet of fire from character's mouth.,[],Fire,fandom_ninjutsu,Fire Ninjutsu,400,0,,https://ninjasaga.fandom.com/wiki/Fiery_Flame,"Ninja Saga Wiki (Fandom), Lista principal de Ninjutsu. Version historica; no confirma los valores del servidor actual. Se excluye iOS.",pendiente_verificacion_en_juego,,https://static.wikia.nocookie.net/ninjasaga/images/d/d9/Fiery_Flame.png/revision/latest?cb=20110912123056
wiki-af93f3a82fdf,Fire Vortex,5,72,10,70,Release fire vortex from one's body,[],Fire,fandom_ninjutsu,Fire Ninjutsu,510,0,,https://ninjasaga.fandom.com/wiki/Fire_Vortex,"Ninja Saga Wiki (Fandom), Lista principal de Ninjutsu. Version historica; no confirma los valores del servidor actual. Se excluye iOS.",pendiente_verificacion_en_juego,,https://static.wikia.nocookie.net/ninjasaga/images/4/42/Fire_Vortex.png/revision/latest?cb=20110704171744
wiki-3fa218c56c4e,Fiery Bird Missile,6,84,10,80,Releases a flaming bird missile,[],Fire,fandom_ninjutsu,Fire Ninjutsu,610,0,,https://ninjasaga.fandom.com/wiki/Fiery_Bird_Missile,"Ninja Saga Wiki (Fandom), Lista principal de Ninjutsu. Version historica; no confirma los valores del servidor actual. Se excluye iOS.",pendiente_verificacion_en_juego,,https://static.wikia.nocookie.net/ninjasaga/images/b/bf/Fiery_Bird_Missile.png/revision/latest?cb=20110713044029
wiki-cfa48189c087,Fiery Bird Strike,7,96,10,90,Transforms into a bird to strike an enemy,[],Fire,fandom_ninjutsu,Fire Ninjutsu,640,0,,https://ninjasaga.fandom.com/wiki/Fiery_Bird_Strike,"Ninja Saga Wiki (Fandom), Lista principal de Ninjutsu. Version historica; no confirma los valores del servidor actual. Se excluye iOS.",pendiente_verificacion_en_juego,,https://static.wikia.nocookie.net/ninjasaga/images/8/80/Fiery_Bird_Strike.png/revision/latest?cb=20110713044305
wiki-abd4082cf4a9,Explosive Giant Kunai,8,108,10,100,Combining chakra and kunai to form an explosive giant kunai,[],Fire,fandom_ninjutsu,Fire Ninjutsu,660,0,,https://ninjasaga.fandom.com/wiki/Explosive_Giant_Kunai,"Ninja Saga Wiki (Fandom), Lista principal de Ninjutsu. Version historica; no confirma los valores del servidor actual. Se excluye iOS.",pendiente_verificacion_en_juego,,https://static.wikia.nocookie.net/ninjasaga/images/4/47/Explosive_Giant_Kunai.png/revision/latest?cb=20110713044658
wiki-7a4adb87a2f5,Pillar of Flame,9,120,10,110,Molds chakra and fire to release a pillar of fire,[],Fire,fandom_ninjutsu,Fire Ninjutsu,750,0,,https://ninjasaga.fandom.com/wiki/Pillar_of_Flame,"Ninja Saga Wiki (Fandom), Lista principal de Ninjutsu. Version historica; no confirma los valores del servidor actual. Se excluye iOS.",pendiente_verificacion_en_juego,,https://static.wikia.nocookie.net/ninjasaga/images/9/90/Pillar_of_Flame.png/revision/latest?cb=20110719172720
wiki-b2549682841b,Kinjutsu: Fire Power,10,0,10,50,(Kinjutsu) Increase all damage done by 40% /42%/45%/49%/55%/55% to all attacks for 3 /3/3/3/3/4 turns.,"[""40%"", ""3""]",Fire,fandom_ninjutsu,Fire Ninjutsu,"1,000",0,,https://ninjasaga.fandom.com/wiki/Kinjutsu:_Fire_Power,"Ninja Saga Wiki (Fandom), Lista principal de Ninjutsu. Version historica; no confirma los valores del servidor actual. Se excluye iOS.",pendiente_verificacion_en_juego,,https://static.wikia.nocookie.net/ninjasaga/images/0/0c/Kinjutsu_-_Fire_Power.png/revision/latest?cb=20110708195026
wiki-385abc8e168a,Kinjutsu: Fire Power II,20,0,14,165,(Kinjutsu) Increase all damage done by 40%/ 42% /45%/49%/55%/55% to all attacks for 3/ 3 /3/3/3/4 turns.,"[""42%"", ""3""]",Fire,fandom_ninjutsu,Fire Ninjutsu,"1,000",0,,https://ninjasaga.fandom.com/wiki/Kinjutsu:_Fire_Power_II,"Ninja Saga Wiki (Fandom), Lista principal de Ninjutsu. Version historica; no confirma los valores del servidor actual. Se excluye iOS.",pendiente_verificacion_en_juego,,https://static.wikia.nocookie.net/ninjasaga/images/0/02/Kinjutsu_-_Fire_Power_II.png/revision/latest?cb=20120513155219
wiki-177f2116c7bd,Kinjutsu: Fire Power III,30,0,14,240,(Kinjutsu) Increase all damage done by 40%/42%/ 45% /49%/55%/55% to all attacks for 3/3/ 3 /3/3/4 turns.,"[""45%"", ""3""]",Fire,fandom_ninjutsu,Fire Ninjutsu,"1,000",0,,https://ninjasaga.fandom.com/wiki/Kinjutsu:_Fire_Power_III,"Ninja Saga Wiki (Fandom), Lista principal de Ninjutsu. Version historica; no confirma los valores del servidor actual. Se excluye iOS.",pendiente_verificacion_en_juego,,https://static.wikia.nocookie.net/ninjasaga/images/3/30/Fire.png/revision/latest?cb=20110616192900
wiki-f57cd00ad0a2,Kinjutsu: Fire Power IV,40,0,14,315,(Kinjutsu) Increase all damage done by 40%/42%/45%/ 49% /55%/55% to all attacks for 3/3/3/ 3 /3/4 turns.,"[""49%"", ""3""]",Fire,fandom_ninjutsu,Fire Ninjutsu,"1,000",0,,https://ninjasaga.fandom.com/wiki/Kinjutsu:_Fire_Power_IV,"Ninja Saga Wiki (Fandom), Lista principal de Ninjutsu. Version historica; no confirma los valores del servidor actual. Se excluye iOS.",pendiente_verificacion_en_juego,,https://static.wikia.nocookie.net/ninjasaga/images/3/30/Fire.png/revision/latest?cb=20110616192900
wiki-e871d0ee541b,Kinjutsu: Fire Power V,50,0,14,390,(Kinjutsu) Increase all damage done by 40%/42%/45%/49%/ 55% /55% to all attacks for 3/3/3/3/ 3 /4 turns.,"[""55%"", ""3""]",Fire,fandom_ninjutsu,Fire Ninjutsu,"1,000",0,,https://ninjasaga.fandom.com/wiki/Kinjutsu:_Fire_Power_V,"Ninja Saga Wiki (Fandom), Lista principal de Ninjutsu. Version historica; no confirma los valores del servidor actual. Se excluye iOS.",pendiente_verificacion_en_juego,,https://static.wikia.nocookie.net/ninjasaga/images/6/67/Kinjutsu_-_Fire_Power_V.png/revision/latest?cb=20120614021113
wiki-9ca32cc4de1a,Kinjutsu: Fire Power VI,60,0,14,465,(Kinjutsu) Increase all damage done by 40%/42%/45%/49%/55%/ 55% to all attacks for 3/3/3/3/3/ 4 turns.,"[""55%"", ""4""]",Fire,fandom_ninjutsu,Fire Ninjutsu,"1,000",0,,https://ninjasaga.fandom.com/wiki/Kinjutsu:_Fire_Power_VI,"Ninja Saga Wiki (Fandom), Lista principal de Ninjutsu. Version historica; no confirma los valores del servidor actual. Se excluye iOS.",pendiente_verificacion_en_juego,,https://static.wikia.nocookie.net/ninjasaga/images/7/79/Kinjutsu_-_Fire_Power_VI.png/revision/latest?cb=20120514083446
wiki-b093af95cd88,Double Fireball,11,72 (x2),10,130,Create two fireballs and burn your enemies into ashes.,[],Fire,fandom_ninjutsu,Fire Ninjutsu,920,0,,https://ninjasaga.fandom.com/wiki/Double_Fireball,"Ninja Saga Wiki (Fandom), Lista principal de Ninjutsu. Version historica; no confirma los valores del servidor actual. Se excluye iOS.",pendiente_verificacion_en_juego,,https://static.wikia.nocookie.net/ninjasaga/images/a/ac/Double_Fireball.png/revision/latest?cb=20110719172836
wiki-a64ae98dbd25,Summoning: Flaming Smash,12,156,10,140,Summons Lava of the SNF to use the Fiery Smash on target.,[],Fire,fandom_ninjutsu,Fire Ninjutsu,"1,010",0,,https://ninjasaga.fandom.com/wiki/Summoning:_Flaming_Smash,"Ninja Saga Wiki (Fandom), Lista principal de Ninjutsu. Version historica; no confirma los valores del servidor actual. Se excluye iOS.",pendiente_verificacion_en_juego,,https://static.wikia.nocookie.net/ninjasaga/images/9/96/Summoning_-_Flaming_Smash.png/revision/latest?cb=20120801170113
wiki-2a914f9443af,Double Fire Arrows,13,168,10,150,Create two fire arrow and strike your enemy.,[],Fire,fandom_ninjutsu,Fire Ninjutsu,"1,100",0,,https://ninjasaga.fandom.com/wiki/Double_Fire_Arrows,"Ninja Saga Wiki (Fandom), Lista principal de Ninjutsu. Version historica; no confirma los valores del servidor actual. Se excluye iOS.",pendiente_verificacion_en_juego,,https://static.wikia.nocookie.net/ninjasaga/images/1/1a/Double_Fire_Arrows.png/revision/latest?cb=20110727125338
wiki-71d0f2015d6d,Fire Whirl,15,192,10,170,Create two Fire Whirl and attack your enemy at range.,[],Fire,fandom_ninjutsu,Fire Ninjutsu,"1,290",0,,https://ninjasaga.fandom.com/wiki/Fire_Whirl,"Ninja Saga Wiki (Fandom), Lista principal de Ninjutsu. Version historica; no confirma los valores del servidor actual. Se excluye iOS.",pendiente_verificacion_en_juego,,https://static.wikia.nocookie.net/ninjasaga/images/b/ba/Fire_Whirl.png/revision/latest?cb=20110813040933
wiki-56bb86c8d73c,Multi Fireball,17,216,10,190,Concentrate the fire power in your mouth and release three fireballs at once.,[],Fire,fandom_ninjutsu,Fire Ninjutsu,"1,490",0,,https://ninjasaga.fandom.com/wiki/Multi_Fireball,"Ninja Saga Wiki (Fandom), Lista principal de Ninjutsu. Version historica; no confirma los valores del servidor actual. Se excluye iOS.",pendiente_verificacion_en_juego,,https://static.wikia.nocookie.net/ninjasaga/images/e/e3/Multi_Fireball.png/revision/latest?cb=20110830181529
wiki-d4ee92e555e0,Kinjutsu: Hell Fire,20,231,10,100,(Kinjutsu) Inflicts damage and burn effect for 3 /3/3/3/4 turns (Burn -3% /-4%/-5%/-6%/-6% damage per turn),"[""3"", ""-3%""]",Fire,fandom_ninjutsu,Fire Ninjutsu,"1,000",0,,https://ninjasaga.fandom.com/wiki/Kinjutsu:_Hell_Fire,"Ninja Saga Wiki (Fandom), Lista principal de Ninjutsu. Version historica; no confirma los valores del servidor actual. Se excluye iOS.",pendiente_verificacion_en_juego,,https://static.wikia.nocookie.net/ninjasaga/images/d/db/Kinjutsu_-_Hell_Fire.png/revision/latest?cb=20110708195218
wiki-721eda31b209,Kinjutsu: Hell Fire II,30,372,14,240,(Kinjutsu) Inflicts damage and burn effect for 3/ 3 /3/3/4 turns (Burn -3%/ -4% /-5%/-6%/-6% damage per turn),"[""3"", ""-4%""]",Fire,fandom_ninjutsu,Fire Ninjutsu,"1,000",0,,https://ninjasaga.fandom.com/wiki/Kinjutsu:_Hell_Fire_II,"Ninja Saga Wiki (Fandom), Lista principal de Ninjutsu. Version historica; no confirma los valores del servidor actual. Se excluye iOS.",pendiente_verificacion_en_juego,,https://static.wikia.nocookie.net/ninjasaga/images/c/cd/Kinjutsu_-_Hell_Fire_II.png/revision/latest?cb=20120513163931
wiki-46b9f180d51d,Kinjutsu: Hell Fire III,40,492,14,315,(Kinjutsu) Inflicts damage and burn effect for 3/3/ 3 /3/4 turns (Burn -3%/-4%/ -5% /-6%/-6% damage per turn),"[""3"", ""-5%""]",Fire,fandom_ninjutsu,Fire Ninjutsu,"1,000",0,,https://ninjasaga.fandom.com/wiki/Kinjutsu:_Hell_Fire_III,"Ninja Saga Wiki (Fandom), Lista principal de Ninjutsu. Version historica; no confirma los valores del servidor actual. Se excluye iOS.",pendiente_verificacion_en_juego,,https://static.wikia.nocookie.net/ninjasaga/images/3/30/Fire.png/revision/latest?cb=20110616192900
wiki-e8ead8e7ce39,Kinjutsu: Hell Fire IV,50,612,14,390,(Kinjutsu) Inflicts damage and burn effect for 3/3/3/ 3 /4 turns (Burn -3%/-4%/-5%/ -6% /-6% damage per turn),"[""3"", ""-6%""]",Fire,fandom_ninjutsu,Fire Ninjutsu,"1,000",0,,https://ninjasaga.fandom.com/wiki/Kinjutsu:_Hell_Fire_IV,"Ninja Saga Wiki (Fandom), Lista principal de Ninjutsu. Version historica; no confirma los valores del servidor actual. Se excluye iOS.",pendiente_verificacion_en_juego,,https://static.wikia.nocookie.net/ninjasaga/images/3/30/Fire.png/revision/latest?cb=20110616192900
wiki-ec8c30f8b2c3,Kinjutsu: Hell Fire V,60,732,14,465,(Kinjutsu) Inflicts damage and burn effect for 3/3/3/3/ 4 turns (Burn -3%/-4%/-5%/-6%/ -6% damage per turn),"[""4"", ""-6%""]",Fire,fandom_ninjutsu,Fire Ninjutsu,"1,000",0,,https://ninjasaga.fandom.com/wiki/Kinjutsu:_Hell_Fire_V,"Ninja Saga Wiki (Fandom), Lista principal de Ninjutsu. Version historica; no confirma los valores del servidor actual. Se excluye iOS.",pendiente_verificacion_en_juego,,https://static.wikia.nocookie.net/ninjasaga/images/3/30/Fire.png/revision/latest?cb=20110616192900
wiki-c1ea653deb4a,Raising Fire Fist,21,264,10,230,Release and focus fire energy on the hand to strike the enemy,[],Fire,fandom_ninjutsu,Fire Ninjutsu,"4,570",0,,https://ninjasaga.fandom.com/wiki/Raising_Fire_Fist,"Ninja Saga Wiki (Fandom), Lista principal de Ninjutsu. Version historica; no confirma los valores del servidor actual. Se excluye iOS.",pendiente_verificacion_en_juego,,https://static.wikia.nocookie.net/ninjasaga/images/5/55/Raising_Fire_Fist.png/revision/latest?cb=20120118134845
wiki-8960ed42ba30,Piercing Fire Dance,23,288,10,250,Emit fire power from your body and spin dance towards your enemy.,[],Fire,fandom_ninjutsu,Fire Ninjutsu,"5,130",0,,https://ninjasaga.fandom.com/wiki/Piercing_Fire_Dance,"Ninja Saga Wiki (Fandom), Lista principal de Ninjutsu. Version historica; no confirma los valores del servidor actual. Se excluye iOS.",pendiente_verificacion_en_juego,,https://static.wikia.nocookie.net/ninjasaga/images/c/cb/Piercing_Fire_Dance.png/revision/latest?cb=20120118135206
wiki-db55ba491fe0,Fire Fist Explosion,26,324,10,270,"Focus fire energy on fist, it will cause explosion after attack success.",[],Fire,fandom_ninjutsu,Fire Ninjutsu,"6,100",0,,https://ninjasaga.fandom.com/wiki/Fire_Fist_Explosion,"Ninja Saga Wiki (Fandom), Lista principal de Ninjutsu. Version historica; no confirma los valores del servidor actual. Se excluye iOS.",pendiente_verificacion_en_juego,,https://static.wikia.nocookie.net/ninjasaga/images/2/27/Fire_Fist_Explosion.png/revision/latest?cb=20120118134943
wiki-69263dbf88e0,Summoning: Flaming Smash,28,348,10,300,Summons Lava of the SNF to use the Lava Fragments Attack on target.,[],Fire,fandom_ninjutsu,Fire Ninjutsu,"6,880",0,,https://ninjasaga.fandom.com/wiki/Summoning:_Flaming_Smash,"Ninja Saga Wiki (Fandom), Lista principal de Ninjutsu. Version historica; no confirma los valores del servidor actual. Se excluye iOS.",pendiente_verificacion_en_juego,,https://static.wikia.nocookie.net/ninjasaga/images/9/96/Summoning_-_Flaming_Smash.png/revision/latest?cb=20120801170113
wiki-31c081cd5747,Explosive Kunai Formation,29,360,10,310,Throw serial explosive kunai to the enemy.,[],Fire,fandom_ninjutsu,Fire Ninjutsu,"7,320",0,,https://ninjasaga.fandom.com/wiki/Explosive_Kunai_Formation,"Ninja Saga Wiki (Fandom), Lista principal de Ninjutsu. Version historica; no confirma los valores del servidor actual. Se excluye iOS.",pendiente_verificacion_en_juego,,https://static.wikia.nocookie.net/ninjasaga/images/d/d2/Explosive_Kunai_Formation.png/revision/latest?cb=20120118135415
wiki-35a4e918904d,Kinjutsu: Fire Energy Excitation,30,0,10,150,(Kinjutsu) Use skills without consuming CP for 3 /3/4/5 turns. (Cannot charge for 5 /4/3/2 turns),"[""3"", ""5""]",Fire,fandom_ninjutsu,Fire Ninjutsu,"1,000",0,,https://ninjasaga.fandom.com/wiki/Kinjutsu:_Fire_Energy_Excitation,"Ninja Saga Wiki (Fandom), Lista principal de Ninjutsu. Version historica; no confirma los valores del servidor actual. Se excluye iOS.",pendiente_verificacion_en_juego,,https://static.wikia.nocookie.net/ninjasaga/images/b/b3/Kinjutsu_-_Fire_Energy_Excitation_%28new%29.png/revision/latest?cb=20120315133646
wiki-ca882a33911a,Kinjutsu: Fire Energy Excitation II,40,0,14,315,(Kinjutsu) Use skills without consuming CP for 3/ 3 /4/5 turns. (Cannot charge for 5/ 4 /3/2 turns),"[""3"", ""4""]",Fire,fandom_ninjutsu,Fire Ninjutsu,"1,000",0,,https://ninjasaga.fandom.com/wiki/Kinjutsu:_Fire_Energy_Excitation_II,"Ninja Saga Wiki (Fandom), Lista principal de Ninjutsu. Version historica; no confirma los valores del servidor actual. Se excluye iOS.",pendiente_verificacion_en_juego,,
wiki-98d82b34c394,Kinjutsu: Fire Energy Excitation III,50,0,14,390,(Kinjutsu) Use skills without consuming CP for 3/3/ 4 /5 turns. (Cannot charge for 5/4/ 3 /2 turns),"[""4"", ""3""]",Fire,fandom_ninjutsu,Fire Ninjutsu,"1,000",0,,https://ninjasaga.fandom.com/wiki/Kinjutsu:_Fire_Energy_Excitation_III,"Ninja Saga Wiki (Fandom), Lista principal de Ninjutsu. Version historica; no confirma los valores del servidor actual. Se excluye iOS.",pendiente_verificacion_en_juego,,
wiki-8ca5368597b4,Kinjutsu: Fire Energy Excitation IV,60,0,14,465,(Kinjutsu) Use skills without consuming CP for 3/3/4/ 5 turns. (Cannot charge for 5/4/3/ 2 turns),"[""5"", ""2""]",Fire,fandom_ninjutsu,Fire Ninjutsu,"1,000",0,,https://ninjasaga.fandom.com/wiki/Kinjutsu:_Fire_Energy_Excitation_IV,"Ninja Saga Wiki (Fandom), Lista principal de Ninjutsu. Version historica; no confirma los valores del servidor actual. Se excluye iOS.",pendiente_verificacion_en_juego,,
wiki-68b4858450d4,Raising Fire Explosion,31,192 (x2),10,330,Explode on target upon fire punching.,[],Fire,fandom_ninjutsu,Fire Ninjutsu,"8,330",0,,https://ninjasaga.fandom.com/wiki/Raising_Fire_Explosion,"Ninja Saga Wiki (Fandom), Lista principal de Ninjutsu. Version historica; no confirma los valores del servidor actual. Se excluye iOS.",pendiente_verificacion_en_juego,,https://static.wikia.nocookie.net/ninjasaga/images/b/b2/Raising_Fire_Explosion.png/revision/latest?cb=20120118135642
wiki-8ff9a3d00e40,Raising Fire Combo,34,210 (x2),10,360,Release and focus fire energy on the hand to strike the enemy.,[],Fire,fandom_ninjutsu,Fire Ninjutsu,"10,320",0,,https://ninjasaga.fandom.com/wiki/Raising_Fire_Combo,"Ninja Saga Wiki (Fandom), Lista principal de Ninjutsu. Version historica; no confirma los valores del servidor actual. Se excluye iOS.",pendiente_verificacion_en_juego,,https://static.wikia.nocookie.net/ninjasaga/images/2/27/Raising_Fire_Combo.png/revision/latest?cb=20120118135932
wiki-80b6fef885e5,Fire Wave,36,444,10,380,Release fire power in hand and form as a wave.,[],Fire,fandom_ninjutsu,Fire Ninjutsu,"12,100",0,,https://ninjasaga.fandom.com/wiki/Fire_Wave,"Ninja Saga Wiki (Fandom), Lista principal de Ninjutsu. Version historica; no confirma los valores del servidor actual. Se excluye iOS.",pendiente_verificacion_en_juego,,https://static.wikia.nocookie.net/ninjasaga/images/8/8b/Fire_Wave.png/revision/latest?cb=20120118140049
wiki-22749ba33d1a,Kinjutsu: Rage of Yama,40,0,14,200,(Kinjutsu) Increase damage as well as damage taken by 20% /25%/30%; Enemy will also take all damage that made on you (3 turns).,"[""20%""]",Fire,fandom_ninjutsu,Fire Ninjutsu,"1,000",0,,https://ninjasaga.fandom.com/wiki/Kinjutsu:_Rage_of_Yama,"Ninja Saga Wiki (Fandom), Lista principal de Ninjutsu. Version historica; no confirma los valores del servidor actual. Se excluye iOS.",pendiente_verificacion_en_juego,,https://static.wikia.nocookie.net/ninjasaga/images/0/0e/Kinjutsu_-_Rage_of_Yama.png/revision/latest?cb=20110708200619
wiki-76eb7480e1f8,Kinjutsu: Rage of Yama II,50,0,14,390,(Kinjutsu) Increase damage as well as damage taken by 20%/ 25% /30%; Enemy will also take all damage that made on you (3 turns).,"[""25%""]",Fire,fandom_ninjutsu,Fire Ninjutsu,"1,000",0,,https://ninjasaga.fandom.com/wiki/Kinjutsu:_Rage_of_Yama_II,"Ninja Saga Wiki (Fandom), Lista principal de Ninjutsu. Version historica; no confirma los valores del servidor actual. Se excluye iOS.",pendiente_verificacion_en_juego,,
wiki-aed985b41924,Kinjutsu: Rage of Yama III,60,0,14,465,(Kinjutsu) Increase damage as well as damage taken by 20%/25%/ 30% ; Enemy will also take all damage that made on you (3 turns).,"[""30%""]",Fire,fandom_ninjutsu,Fire Ninjutsu,"1,000",0,,https://ninjasaga.fandom.com/wiki/Kinjutsu:_Rage_of_Yama_III,"Ninja Saga Wiki (Fandom), Lista principal de Ninjutsu. Version historica; no confirma los valores del servidor actual. Se excluye iOS.",pendiente_verificacion_en_juego,,
wiki-c5032d6fd54b,Starfire Explosion,40,492,10,420,Burn your body and strike to the enemy to cause explosion.,[],Fire,fandom_ninjutsu,Fire Ninjutsu,"17,400",0,,https://ninjasaga.fandom.com/wiki/Starfire_Explosion,"Ninja Saga Wiki (Fandom), Lista principal de Ninjutsu. Version historica; no confirma los valores del servidor actual. Se excluye iOS.",pendiente_verificacion_en_juego,,https://static.wikia.nocookie.net/ninjasaga/images/c/c3/Starfire_Explosion.png/revision/latest?cb=20120118140237
wiki-d6aca9bb0430,Dual Fire Wave,42,516,10,440,Emit 2 fire waves to enemy.,[],Fire,fandom_ninjutsu,Fire Ninjutsu,"25,500",0,,https://ninjasaga.fandom.com/wiki/Dual_Fire_Wave,"Ninja Saga Wiki (Fandom), Lista principal de Ninjutsu. Version historica; no confirma los valores del servidor actual. Se excluye iOS.",pendiente_verificacion_en_juego,,https://static.wikia.nocookie.net/ninjasaga/images/2/28/Dual_Fire_Wave.png/revision/latest?cb=20120118140721
wiki-b5fbe261d995,Martial Fire Combo,44,540,10,460,Combine martial art with fiery power and give a double attack to target.,[],Fire,fandom_ninjutsu,Fire Ninjutsu,"30,900",0,,https://ninjasaga.fandom.com/wiki/Martial_Fire_Combo,"Ninja Saga Wiki (Fandom), Lista principal de Ninjutsu. Version historica; no confirma los valores del servidor actual. Se excluye iOS.",pendiente_verificacion_en_juego,,https://static.wikia.nocookie.net/ninjasaga/images/b/bf/Martial_Fire_Combo.png/revision/latest?cb=20120118141119
wiki-f40f8c6e50f6,Fire Bird Rider,48,588,10,500,Ride on a fiery bird and crash into enemy.,[],Fire,fandom_ninjutsu,Fire Ninjutsu,"47,800",0,,https://ninjasaga.fandom.com/wiki/Fire_Bird_Rider,"Ninja Saga Wiki (Fandom), Lista principal de Ninjutsu. Version historica; no confirma los valores del servidor actual. Se excluye iOS.",pendiente_verificacion_en_juego,,https://static.wikia.nocookie.net/ninjasaga/images/d/d8/Fire_Bird_Rider.png/revision/latest?cb=20120118141337
wiki-8ceb2f18bc05,Kinjutsu: Fire Phoenix Breath,50,0,14,250,"Remove all negative status, ignore 30% /45% of target's dodge. (4 turns)","[""30%""]",Fire,fandom_ninjutsu,Fire Ninjutsu,"1,000",0,,https://ninjasaga.fandom.com/wiki/Kinjutsu:_Fire_Phoenix_Breath,"Ninja Saga Wiki (Fandom), Lista principal de Ninjutsu. Version historica; no confirma los valores del servidor actual. Se excluye iOS.",pendiente_verificacion_en_juego,,https://static.wikia.nocookie.net/ninjasaga/images/a/a7/Kinjutsu_-_Fire_Phoenix_Breath.png/revision/latest?cb=20110708200735
wiki-3c923c2b5f34,Kinjutsu: Fire Phoenix Breath II,60,0,14,465,"Remove all negative status, ignore 30%/ 45% of target's dodge. (4 turns)","[""45%""]",Fire,fandom_ninjutsu,Fire Ninjutsu,"1,000",0,,https://ninjasaga.fandom.com/wiki/Kinjutsu:_Fire_Phoenix_Breath_II,"Ninja Saga Wiki (Fandom), Lista principal de Ninjutsu. Version historica; no confirma los valores del servidor actual. Se excluye iOS.",pendiente_verificacion_en_juego,,
wiki-55df35f58fac,Starfire Formation,54,330 (x2),10,560,Release a lot of fiery kunai and strike target by self-explosion.,[],Fire,fandom_ninjutsu,Fire Ninjutsu,"95,100",0,,https://ninjasaga.fandom.com/wiki/Starfire_Formation,"Ninja Saga Wiki (Fandom), Lista principal de Ninjutsu. Version historica; no confirma los valores del servidor actual. Se excluye iOS.",pendiente_verificacion_en_juego,,https://static.wikia.nocookie.net/ninjasaga/images/f/f1/Starfire_Formation.png/revision/latest?cb=20120118141613
wiki-63e1bb8c9798,Falling Fire Meteorite,57,696,10,590,Generate a meteoric shower that rains fiery meteors.,[],Fire,fandom_ninjutsu,Fire Ninjutsu,"129,350",0,,https://ninjasaga.fandom.com/wiki/Falling_Fire_Meteorite,"Ninja Saga Wiki (Fandom), Lista principal de Ninjutsu. Version historica; no confirma los valores del servidor actual. Se excluye iOS.",pendiente_verificacion_en_juego,,https://static.wikia.nocookie.net/ninjasaga/images/a/a2/Falling_Fire_Meteorite.png/revision/latest?cb=20120118141745
wiki-90621f95d06f,Fiery Magatama Explosion,60,732,10,620,Generate 3 fiery magatama and burn everything on the ground.,[],Fire,fandom_ninjutsu,Fire Ninjutsu,"177,400",0,,https://ninjasaga.fandom.com/wiki/Fiery_Magatama_Explosion,"Ninja Saga Wiki (Fandom), Lista principal de Ninjutsu. Version historica; no confirma los valores del servidor actual. Se excluye iOS.",pendiente_verificacion_en_juego,,https://static.wikia.nocookie.net/ninjasaga/images/d/dd/Fiery_Magatama_Explosion.png/revision/latest?cb=20120118141939
wiki-e3d84fc6cbd8,Kinjutsu: Yama Great Fire Cannon,60,732,14,300,"Reduce 20% dodge rate (4 turns), increase 3 Wind Ninjutsu cool down, reduce 8% HP on attack if the player is under 'Kinjutsu: Fire Phoenix Breath' status effect.",[],Fire,fandom_ninjutsu,Fire Ninjutsu,"1,000",0,,https://ninjasaga.fandom.com/wiki/Kinjutsu:_Yama_Great_Fire_Cannon,"Ninja Saga Wiki (Fandom), Lista principal de Ninjutsu. Version historica; no confirma los valores del servidor actual. Se excluye iOS.",pendiente_verificacion_en_juego,,https://static.wikia.nocookie.net/ninjasaga/images/8/86/Kinjutsu_-_Yama_Great_Fire_Cannon.png/revision/latest?cb=20110708200903
wiki-0b45d9cfd48a,Extreme Starfire,62,756,10,640,Focus energy in both hands and give your target several fire punches.,[],Fire,fandom_ninjutsu,Fire Ninjutsu,"195,570",0,,https://ninjasaga.fandom.com/wiki/Extreme_Starfire,"Ninja Saga Wiki (Fandom), Lista principal de Ninjutsu. Version historica; no confirma los valores del servidor actual. Se excluye iOS.",pendiente_verificacion_en_juego,,https://static.wikia.nocookie.net/ninjasaga/images/1/13/Extreme_Starfire.png/revision/latest?cb=20120118142248
wiki-1e259a23c3de,Flame Ghost,65,792,10,670,Focus flame on both hands and burn your target when they get hit.,[],Fire,fandom_ninjutsu,Fire Ninjutsu,"225,720",0,,https://ninjasaga.fandom.com/wiki/Flame_Ghost,"Ninja Saga Wiki (Fandom), Lista principal de Ninjutsu. Version historica; no confirma los valores del servidor actual. Se excluye iOS.",pendiente_verificacion_en_juego,,https://static.wikia.nocookie.net/ninjasaga/images/e/e0/Flame_Ghost.png/revision/latest?cb=20120118142521
wiki-1c12fc5cbbe3,Fiery Air Explosion,70,852,10,720,"Light up flame in air, and burn your target into dust.",[],Fire,fandom_ninjutsu,Fire Ninjutsu,"304,780",0,,https://ninjasaga.fandom.com/wiki/Fiery_Air_Explosion,"Ninja Saga Wiki (Fandom), Lista principal de Ninjutsu. Version historica; no confirma los valores del servidor actual. Se excluye iOS.",pendiente_verificacion_en_juego,,https://static.wikia.nocookie.net/ninjasaga/images/a/ac/Fiery_Air_Explosion.png/revision/latest?cb=20120118142632
wiki-56385c1c3b91,Starfire Strike Kick,75,912,10,770,Attack your target with a fiery jump kick.,[],Fire,fandom_ninjutsu,Fire Ninjutsu,"412,540",0,,https://ninjasaga.fandom.com/wiki/Starfire_Strike_Kick,"Ninja Saga Wiki (Fandom), Lista principal de Ninjutsu. Version historica; no confirma los valores del servidor actual. Se excluye iOS.",pendiente_verificacion_en_juego,,https://static.wikia.nocookie.net/ninjasaga/images/2/2b/Starfire_Strike_Kick.png/revision/latest?cb=20120118142849
wiki-7543124ffca7,Flaming World,80,972,10,820,Light up infinite fiery and burn everything into dust.,[],Fire,fandom_ninjutsu,Fire Ninjutsu,"536,020",0,,https://ninjasaga.fandom.com/wiki/Flaming_World,"Ninja Saga Wiki (Fandom), Lista principal de Ninjutsu. Version historica; no confirma los valores del servidor actual. Se excluye iOS.",pendiente_verificacion_en_juego,,https://static.wikia.nocookie.net/ninjasaga/images/a/a0/Flaming_World.png/revision/latest?cb=20120118142954
wiki-f0564de3072d,Summoning: Badminton Bombing,80,583,10,"2,460",Summons Lava of the SNF to use the Badminton Explosives. Opponent team is inflicted negative effect 'Burning' for 3 turns (Burning: reduce 3% HP each turn).,[],Fire,fandom_ninjutsu,Fire Ninjutsu,"10,000",0,,https://ninjasaga.fandom.com/wiki/Summoning:_Badminton_Bombing,"Ninja Saga Wiki (Fandom), Lista principal de Ninjutsu. Version historica; no confirma los valores del servidor actual. Se excluye iOS.",pendiente_verificacion_en_juego,,https://static.wikia.nocookie.net/ninjasaga/images/2/21/Summoning_-_Badminton_Bombing.png/revision/latest?cb=20120813160014
wiki-ba70f68741cf,Kinjutsu: Kagutsuchi Kimono,5,0,50,10,(Kinjutsu) User consumes all CP and gains the 'Damage Absorption' status (2 turns) (Convert 100% of taken damage to HP positively),[],Fire,fandom_ninjutsu,Event Fire Ninjutsu,,,Materials Market during 3rd Anniversary : x1 Heart of Kari x1 Crystal of Kari x20 Primary Ninja Ribbon x10 Intermediate Ninja Ribbon x10 Superior Ninja Ribbon x10 Winner Certificate,https://ninjasaga.fandom.com/wiki/Kinjutsu:_Kagutsuchi_Kimono,"Ninja Saga Wiki (Fandom), Lista principal de Ninjutsu. Version historica; no confirma los valores del servidor actual. Se excluye iOS.",pendiente_verificacion_en_juego,,https://static.wikia.nocookie.net/ninjasaga/images/c/c6/Kinjutsu_-_Kagutsuchi_Kimono.png/revision/latest?cb=20120721131224
wiki-83b77a84a052,Kinjutsu: Benika Ichimonji,40,541,10,420,(Kinjutsu) Strike of ultra-high accuracy,[],Fire,fandom_ninjutsu,Event Fire Ninjutsu,,,Materials Market during 3rd Anniversary : x1 Heart of Kari x1 Crystal of Kari x6 Primary Ninja Ribbon x4 Intermediate Ninja Ribbon x4 Superior Ninja Ribbon x4 Winner Certificate,https://ninjasaga.fandom.com/wiki/Kinjutsu:_Benika_Ichimonji,"Ninja Saga Wiki (Fandom), Lista principal de Ninjutsu. Version historica; no confirma los valores del servidor actual. Se excluye iOS.",pendiente_verificacion_en_juego,,https://static.wikia.nocookie.net/ninjasaga/images/5/5f/Kinjutsu_-_Benika_Ichimonji.png/revision/latest?cb=20120721131738
wiki-ca901c69cf68,Kinjutsu: Flame Burst Fist Combo,40,516,10,420,(Kinjutsu) Target inflicts 'Internal Injury' for 1 turns (Disable healing effect),[],Fire,fandom_ninjutsu,Event Fire Ninjutsu,,,Materials Market during Christmas 2012 :,https://ninjasaga.fandom.com/wiki/Kinjutsu:_Flame_Burst_Fist_Combo,"Ninja Saga Wiki (Fandom), Lista principal de Ninjutsu. Version historica; no confirma los valores del servidor actual. Se excluye iOS.",pendiente_verificacion_en_juego,,https://static.wikia.nocookie.net/ninjasaga/images/e/e6/Flame_burst_fist_combo.jpg/revision/latest?cb=20141020073802
wiki-cdf1d79fe556,Kinjutsu: Dragon Fire Majestic Arrow,80,"1,069",10,820,(Kinjutsu) Strike of ultra-high accuracy,[],Fire,fandom_ninjutsu,Event Fire Ninjutsu,,,Materials Market during 3rd Anniversary : x1 Heart of Kari x1 Crystal of Kari x24 Primary Ninja Ribbon x12 Intermediate Ninja Ribbon x12 Superior Ninja Ribbon x12 Winner Certificate,https://ninjasaga.fandom.com/wiki/Kinjutsu:_Dragon_Fire_Majestic_Arrow,"Ninja Saga Wiki (Fandom), Lista principal de Ninjutsu. Version historica; no confirma los valores del servidor actual. Se excluye iOS.",pendiente_verificacion_en_juego,,https://static.wikia.nocookie.net/ninjasaga/images/e/e2/Kinjutsu_-_Dragon_Fire_Majestic_Arrow.png/revision/latest?cb=20120721132930
wiki-51f6134e5a21,Kinjutsu: Ichimonji Ryuuen,80,"1,080",10,850,(Kinjutsu) Target inflicts 'Internal Injury' for 3 turns (Disable healing effect),[],Fire,fandom_ninjutsu,Event Fire Ninjutsu,,,Materials Market during Christmas 2012 :,https://ninjasaga.fandom.com/wiki/Kinjutsu:_Ichimonji_Ryuuen,"Ninja Saga Wiki (Fandom), Lista principal de Ninjutsu. Version historica; no confirma los valores del servidor actual. Se excluye iOS.",pendiente_verificacion_en_juego,,https://static.wikia.nocookie.net/ninjasaga/images/6/60/Ichimonji_Ryuuen.jpg/revision/latest?cb=20141020080624
wiki-f43d466c2605,Lightning Edge,1,20,3,30,Releases a lightning strike attack,[],Thunder,fandom_ninjutsu,Thunder Ninjutsu,100,0,,https://ninjasaga.fandom.com/wiki/Lightning_Edge,"Ninja Saga Wiki (Fandom), Lista principal de Ninjutsu. Version historica; no confirma los valores del servidor actual. Se excluye iOS.",pendiente_verificacion_en_juego,,https://static.wikia.nocookie.net/ninjasaga/images/2/2a/Lightning_Edge.png/revision/latest?cb=20110727134357
wiki-842ab96462bc,Lightning Spark,2,33,6,44,Emits a small lightning spark from the body,[],Thunder,fandom_ninjutsu,Thunder Ninjutsu,200,0,,https://ninjasaga.fandom.com/wiki/Lightning_Spark,"Ninja Saga Wiki (Fandom), Lista principal de Ninjutsu. Version historica; no confirma los valores del servidor actual. Se excluye iOS.",pendiente_verificacion_en_juego,,https://static.wikia.nocookie.net/ninjasaga/images/5/58/Lightning_Spark.png/revision/latest?cb=20110727135813
wiki-9d31287effc6,Lightning Strike,3,44,8,55,Releases a lightning strike,[],Thunder,fandom_ninjutsu,Thunder Ninjutsu,300,0,,https://ninjasaga.fandom.com/wiki/Lightning_Strike,"Ninja Saga Wiki (Fandom), Lista principal de Ninjutsu. Version historica; no confirma los valores del servidor actual. Se excluye iOS.",pendiente_verificacion_en_juego,,https://static.wikia.nocookie.net/ninjasaga/images/f/f6/Lightning_Strike.png/revision/latest?cb=20110727141148
wiki-ba020ddac6ae,Lightning Impulse,4,55,9,66,Transforms into a lightning ethereal to strike an enemy,[],Thunder,fandom_ninjutsu,Thunder Ninjutsu,400,0,,https://ninjasaga.fandom.com/wiki/Lightning_Impulse,"Ninja Saga Wiki (Fandom), Lista principal de Ninjutsu. Version historica; no confirma los valores del servidor actual. Se excluye iOS.",pendiente_verificacion_en_juego,,https://static.wikia.nocookie.net/ninjasaga/images/f/f9/Lightning_Impulse.png/revision/latest?cb=20110727142158
wiki-43b8cc8377f8,Lightning Storm,5,63,9,77,Emits lightning storm from ones body,[],Thunder,fandom_ninjutsu,Thunder Ninjutsu,510,0,,https://ninjasaga.fandom.com/wiki/Lightning_Storm,"Ninja Saga Wiki (Fandom), Lista principal de Ninjutsu. Version historica; no confirma los valores del servidor actual. Se excluye iOS.",pendiente_verificacion_en_juego,,https://static.wikia.nocookie.net/ninjasaga/images/9/9a/Lightning_Storm.png/revision/latest?cb=20110729175511
wiki-2de71252aeba,Lightning Scatter,6,77,9,88,Strikes the ground with lightning force,[],Thunder,fandom_ninjutsu,Thunder Ninjutsu,610,0,,https://ninjasaga.fandom.com/wiki/Lightning_Scatter,"Ninja Saga Wiki (Fandom), Lista principal de Ninjutsu. Version historica; no confirma los valores del servidor actual. Se excluye iOS.",pendiente_verificacion_en_juego,,https://static.wikia.nocookie.net/ninjasaga/images/f/fc/Lightning_Scatter.png/revision/latest?cb=20110730164228
wiki-1ebf91b06646,Lightning Golem,7,88,9,99,Summons a lightning golem from the character's chakra,[],Thunder,fandom_ninjutsu,Thunder Ninjutsu,640,0,,https://ninjasaga.fandom.com/wiki/Lightning_Golem,"Ninja Saga Wiki (Fandom), Lista principal de Ninjutsu. Version historica; no confirma los valores del servidor actual. Se excluye iOS.",pendiente_verificacion_en_juego,,https://static.wikia.nocookie.net/ninjasaga/images/f/f0/Lightning_Golem.png/revision/latest?cb=20110808204826
wiki-639ccd7eb65c,Dual Lightning Strike,8,50 (x2),10,110,Strikes an enemy twice using a lightning strike.,[],Thunder,fandom_ninjutsu,Thunder Ninjutsu,660,0,,https://ninjasaga.fandom.com/wiki/Dual_Lightning_Strike,"Ninja Saga Wiki (Fandom), Lista principal de Ninjutsu. Version historica; no confirma los valores del servidor actual. Se excluye iOS.",pendiente_verificacion_en_juego,,https://static.wikia.nocookie.net/ninjasaga/images/1/1f/Dual_Lightning_Strike.png/revision/latest?cb=20110808205717
wiki-c0c116f7f004,Lightning Arrow Strike,9,110,10,121,Concentrates all the chakra into a fist and releases a lightning arrow strike,[],Thunder,fandom_ninjutsu,Thunder Ninjutsu,750,0,,https://ninjasaga.fandom.com/wiki/Lightning_Arrow_Strike,"Ninja Saga Wiki (Fandom), Lista principal de Ninjutsu. Version historica; no confirma los valores del servidor actual. Se excluye iOS.",pendiente_verificacion_en_juego,,https://static.wikia.nocookie.net/ninjasaga/images/9/9c/Lightning_Arrow_Strike.png/revision/latest?cb=20110808210718
wiki-441afb99b339,Kinjutsu: Lightning Charge,10,0,10,50,(Kinjutsu) Increase critical strike chance by 40% /42%/45%/49%/55%/55% for 3 /3/3/3/3/4 turns.,"[""40%"", ""3""]",Thunder,fandom_ninjutsu,Thunder Ninjutsu,"1,000",0,,https://ninjasaga.fandom.com/wiki/Kinjutsu:_Lightning_Charge,"Ninja Saga Wiki (Fandom), Lista principal de Ninjutsu. Version historica; no confirma los valores del servidor actual. Se excluye iOS.",pendiente_verificacion_en_juego,,https://static.wikia.nocookie.net/ninjasaga/images/b/bf/Kinjutsu_-_Lightning_Charge.png/revision/latest?cb=20110725170601
wiki-41ab477c6258,Kinjutsu: Lightning Charge II,20,0,14,182,(Kinjutsu) Increase critical strike chance by 40%/ 42% /45%/49%/55%/55% for 3/ 3 /3/3/3/4 turns.,"[""42%"", ""3""]",Thunder,fandom_ninjutsu,Thunder Ninjutsu,"1,000",0,,https://ninjasaga.fandom.com/wiki/Kinjutsu:_Lightning_Charge_II,"Ninja Saga Wiki (Fandom), Lista principal de Ninjutsu. Version historica; no confirma los valores del servidor actual. Se excluye iOS.",pendiente_verificacion_en_juego,,https://static.wikia.nocookie.net/ninjasaga/images/2/23/Kinjutsu_-_Lightning_Charge_II.png/revision/latest?cb=20120705135320
wiki-e918031a34ab,Kinjutsu: Lightning Charge III,30,0,14,264,(Kinjutsu) Increase critical strike chance by 40%/42%/ 45% /49%/55%/55% for 3/3/ 3 /3/3/4 turns.,"[""45%"", ""3""]",Thunder,fandom_ninjutsu,Thunder Ninjutsu,"1,000",0,,https://ninjasaga.fandom.com/wiki/Kinjutsu:_Lightning_Charge_III,"Ninja Saga Wiki (Fandom), Lista principal de Ninjutsu. Version historica; no confirma los valores del servidor actual. Se excluye iOS.",pendiente_verificacion_en_juego,,
wiki-b11d459e3a54,Kinjutsu: Lightning Charge IV,40,0,14,347,(Kinjutsu) Increase critical strike chance by 40%/42%/45%/ 49% /55%/55% for 3/3/3/ 3 /3/4 turns.,"[""49%"", ""3""]",Thunder,fandom_ninjutsu,Thunder Ninjutsu,"1,000",0,,https://ninjasaga.fandom.com/wiki/Kinjutsu:_Lightning_Charge_IV,"Ninja Saga Wiki (Fandom), Lista principal de Ninjutsu. Version historica; no confirma los valores del servidor actual. Se excluye iOS.",pendiente_verificacion_en_juego,,
wiki-06ae8f579645,Kinjutsu: Lightning Charge V,50,0,14,429,(Kinjutsu) Increase critical strike chance by 40%/42%/45%/49%/ 55% /55% for 3/3/3/3/ 3 /4 turns.,"[""55%"", ""3""]",Thunder,fandom_ninjutsu,Thunder Ninjutsu,"1,000",0,,https://ninjasaga.fandom.com/wiki/Kinjutsu:_Lightning_Charge_V,"Ninja Saga Wiki (Fandom), Lista principal de Ninjutsu. Version historica; no confirma los valores del servidor actual. Se excluye iOS.",pendiente_verificacion_en_juego,,
wiki-2465c15ebe6d,Kinjutsu: Lightning Charge VI,60,0,14,512,(Kinjutsu) Increase critical strike chance by 40%/42%/45%/49%/55%/ 55% for 3/3/3/3/3/ 4 turns.,"[""55%"", ""4""]",Thunder,fandom_ninjutsu,Thunder Ninjutsu,"1,000",0,,https://ninjasaga.fandom.com/wiki/Kinjutsu:_Lightning_Charge_VI,"Ninja Saga Wiki (Fandom), Lista principal de Ninjutsu. Version historica; no confirma los valores del servidor actual. Se excluye iOS.",pendiente_verificacion_en_juego,,
wiki-dafb99954cc2,Empowered Lightning Edge,11,132,9,143,Empowered version of Lightning Edge.,[],Thunder,fandom_ninjutsu,Thunder Ninjutsu,20,0,,https://ninjasaga.fandom.com/wiki/Empowered_Lightning_Edge,"Ninja Saga Wiki (Fandom), Lista principal de Ninjutsu. Version historica; no confirma los valores del servidor actual. Se excluye iOS.",pendiente_verificacion_en_juego,,https://static.wikia.nocookie.net/ninjasaga/images/4/47/Empowered_Lightning_Edge.png/revision/latest?cb=20110808212559
wiki-c218c2119958,Summoning: Lightning Thrusting,12,143,10,154,Summons Lightning of the SNF to use Rapid Sword Strikes on target.,[],Thunder,fandom_ninjutsu,Thunder Ninjutsu,",010",0,,https://ninjasaga.fandom.com/wiki/Summoning:_Lightning_Thrusting,"Ninja Saga Wiki (Fandom), Lista principal de Ninjutsu. Version historica; no confirma los valores del servidor actual. Se excluye iOS.",pendiente_verificacion_en_juego,,https://static.wikia.nocookie.net/ninjasaga/images/d/d4/Summoning_-_Lightning_Thrusting.png/revision/latest?cb=20120801170419
wiki-4a6913739d58,Lightning Shock,13,154,9,165,Create a lightning ball and strike your enemy. (Not effective on World Boss),[],Thunder,fandom_ninjutsu,Thunder Ninjutsu,00,0,,https://ninjasaga.fandom.com/wiki/Lightning_Shock,"Ninja Saga Wiki (Fandom), Lista principal de Ninjutsu. Version historica; no confirma los valores del servidor actual. Se excluye iOS.",pendiente_verificacion_en_juego,,https://static.wikia.nocookie.net/ninjasaga/images/8/82/Lightning_Shock.png/revision/latest?cb=20110808214554
wiki-957ac04009bb,Lightning Rays,15,176,9,187,Create lightning rays that splits and damages an enemy.,[],Thunder,fandom_ninjutsu,Thunder Ninjutsu,"1,290",0,,https://ninjasaga.fandom.com/wiki/Lightning_Rays,"Ninja Saga Wiki (Fandom), Lista principal de Ninjutsu. Version historica; no confirma los valores del servidor actual. Se excluye iOS.",pendiente_verificacion_en_juego,,https://static.wikia.nocookie.net/ninjasaga/images/0/01/Lightning_Rays.png/revision/latest?cb=20110808215014
wiki-f25e430e0b68,Lightning Spear,17,198,10,209,Create a lightning spear with chakra and attacks your enemy.,[],Thunder,fandom_ninjutsu,Thunder Ninjutsu,"1,490",0,,https://ninjasaga.fandom.com/wiki/Lightning_Spear,"Ninja Saga Wiki (Fandom), Lista principal de Ninjutsu. Version historica; no confirma los valores del servidor actual. Se excluye iOS.",pendiente_verificacion_en_juego,,https://static.wikia.nocookie.net/ninjasaga/images/4/4e/Lightning_Spear.png/revision/latest?cb=20110808215534
wiki-7293d969f8ab,Kinjutsu: Lightning Flash,20,210,10,100,(Kinjutsu) Lightning Flash that blinds a target for 2 /2/2/2/3 turns. (extra 70% /72%/75%/80%/80% dodge rate during target's attack),"[""2"", ""70%""]",Thunder,fandom_ninjutsu,Thunder Ninjutsu,"1,000",0,,https://ninjasaga.fandom.com/wiki/Kinjutsu:_Lightning_Flash,"Ninja Saga Wiki (Fandom), Lista principal de Ninjutsu. Version historica; no confirma los valores del servidor actual. Se excluye iOS.",pendiente_verificacion_en_juego,,https://static.wikia.nocookie.net/ninjasaga/images/d/dc/Kinjutsu_-_Lightning_Flash.png/revision/latest?cb=20110725183914
wiki-7009d7c5e4eb,Kinjutsu: Lightning Flash II,30,341,14,264,(Kinjutsu) Lightning Flash that blinds a target for 2/ 2 /2/2/3 turns. (extra 70%/ 72% /75%/80%/80% dodge rate during target's attack),"[""2"", ""72%""]",Thunder,fandom_ninjutsu,Thunder Ninjutsu,"1,000",0,,https://ninjasaga.fandom.com/wiki/Kinjutsu:_Lightning_Flash_II,"Ninja Saga Wiki (Fandom), Lista principal de Ninjutsu. Version historica; no confirma los valores del servidor actual. Se excluye iOS.",pendiente_verificacion_en_juego,,https://static.wikia.nocookie.net/ninjasaga/images/8/8d/Kinjutsu_-_Lightning_Flash_II.png/revision/latest?cb=20120814195101
wiki-829b2e583ed4,Kinjutsu: Lightning Flash III,40,451,14,347,(Kinjutsu) Lightning Flash that blinds a target for 2/2/ 2 /2/3 turns. (extra 70%/72%/ 75% /80%/80% dodge rate during target's attack),"[""2"", ""75%""]",Thunder,fandom_ninjutsu,Thunder Ninjutsu,"1,000",0,,https://ninjasaga.fandom.com/wiki/Kinjutsu:_Lightning_Flash_III,"Ninja Saga Wiki (Fandom), Lista principal de Ninjutsu. Version historica; no confirma los valores del servidor actual. Se excluye iOS.",pendiente_verificacion_en_juego,,https://static.wikia.nocookie.net/ninjasaga/images/e/eb/Kinjutsu_-_Lightning_Flash_III.png/revision/latest?cb=20120814202237
wiki-fe9a58426945,Kinjutsu: Lightning Flash IV,50,561,14,429,(Kinjutsu) Lightning Flash that blinds a target for 2/2/2/ 2 /3 turns. (extra 70%/72%/75%/ 80% /80% dodge rate during target's attack),"[""2"", ""80%""]",Thunder,fandom_ninjutsu,Thunder Ninjutsu,"1,000",0,,https://ninjasaga.fandom.com/wiki/Kinjutsu:_Lightning_Flash_IV,"Ninja Saga Wiki (Fandom), Lista principal de Ninjutsu. Version historica; no confirma los valores del servidor actual. Se excluye iOS.",pendiente_verificacion_en_juego,,https://static.wikia.nocookie.net/ninjasaga/images/a/af/Kinjutsu_-_Lightning_Flash_IV.png/revision/latest?cb=20120814202556
wiki-45ffaf08bdbe,Kinjutsu: Lightning Flash V,60,671,14,512,(Kinjutsu) Lightning Flash that blinds a target for 2/2/2/2/ 3 turns. (extra 70%/72%/75%/80%/ 80% dodge rate during target's attack),"[""3"", ""80%""]",Thunder,fandom_ninjutsu,Thunder Ninjutsu,"1,000",0,,https://ninjasaga.fandom.com/wiki/Kinjutsu:_Lightning_Flash_V,"Ninja Saga Wiki (Fandom), Lista principal de Ninjutsu. Version historica; no confirma los valores del servidor actual. Se excluye iOS.",pendiente_verificacion_en_juego,,https://static.wikia.nocookie.net/ninjasaga/images/d/d3/Kinjutsu_-_Lightning_Flash_V.png/revision/latest?cb=20120814203321
wiki-9188c79bc31a,Scatter Storm,21,242,10,253,Emits and scatte lightning storm to strike the ground,[],Thunder,fandom_ninjutsu,Thunder Ninjutsu,"4,570",0,,https://ninjasaga.fandom.com/wiki/Scatter_Storm,"Ninja Saga Wiki (Fandom), Lista principal de Ninjutsu. Version historica; no confirma los valores del servidor actual. Se excluye iOS.",pendiente_verificacion_en_juego,,https://static.wikia.nocookie.net/ninjasaga/images/6/67/Scatter_Storm.png/revision/latest?cb=20110809034557
wiki-c02f4ce95b65,Dual Lightning Spear,23,264,10,275,Create two lightning spear with chakra and attacks your enemy.,[],Thunder,fandom_ninjutsu,Thunder Ninjutsu,"5,130",0,,https://ninjasaga.fandom.com/wiki/Dual_Lightning_Spear,"Ninja Saga Wiki (Fandom), Lista principal de Ninjutsu. Version historica; no confirma los valores del servidor actual. Se excluye iOS.",pendiente_verificacion_en_juego,,https://static.wikia.nocookie.net/ninjasaga/images/2/2a/Dual_Lightning_Spear.png/revision/latest?cb=20110809035008
wiki-ec5842d7e7cd,Lightning Hammer,26,297,10,308,"Focus lightning energy on fist, it will cause scatter after attack success.",[],Thunder,fandom_ninjutsu,Thunder Ninjutsu,"6,100",0,,https://ninjasaga.fandom.com/wiki/Lightning_Hammer,"Ninja Saga Wiki (Fandom), Lista principal de Ninjutsu. Version historica; no confirma los valores del servidor actual. Se excluye iOS.",pendiente_verificacion_en_juego,,https://static.wikia.nocookie.net/ninjasaga/images/b/b2/Lightning_Hammer.png/revision/latest?cb=20110809040313
wiki-2ae0cb442212,Summoning: Lightning Ten Thousand Arrows,28,383,10,330,Summons Lightning of the SNF to shoot ten thousand arrows at once.,[],Thunder,fandom_ninjutsu,Thunder Ninjutsu,"6,880",0,,https://ninjasaga.fandom.com/wiki/Summoning:_Lightning_Ten_Thousand_Arrows,"Ninja Saga Wiki (Fandom), Lista principal de Ninjutsu. Version historica; no confirma los valores del servidor actual. Se excluye iOS.",pendiente_verificacion_en_juego,,https://static.wikia.nocookie.net/ninjasaga/images/c/c4/Summoning_-_Lightning_Ten_Thousand_Arrows.png/revision/latest?cb=20120814152058
wiki-77c32c997fd0,Lightning Ball Burst,29,330,10,341,Release lightning ball and burst on the enemy body.,[],Thunder,fandom_ninjutsu,Thunder Ninjutsu,"7,320",0,,https://ninjasaga.fandom.com/wiki/Lightning_Ball_Burst,"Ninja Saga Wiki (Fandom), Lista principal de Ninjutsu. Version historica; no confirma los valores del servidor actual. Se excluye iOS.",pendiente_verificacion_en_juego,,https://static.wikia.nocookie.net/ninjasaga/images/3/31/Lightning_Energy_Burst.png/revision/latest?cb=20110809201135
wiki-9262a426debf,Kinjutsu: Flash Lightning Bundle,30,341,10,150,(Kinjutsu) Reduce target's dodge rate for 40% /44%/50%/50%. Reduce target's CP for 8% /8%/9%/9% when target gives attacks. ( 3 /3/3/4 turns),"[""40%"", ""8%"", ""3""]",Thunder,fandom_ninjutsu,Thunder Ninjutsu,"1,000",0,,https://ninjasaga.fandom.com/wiki/Kinjutsu:_Flash_Lightning_Bundle,"Ninja Saga Wiki (Fandom), Lista principal de Ninjutsu. Version historica; no confirma los valores del servidor actual. Se excluye iOS.",pendiente_verificacion_en_juego,,https://static.wikia.nocookie.net/ninjasaga/images/6/6f/Kinjutsu_-_Flash_Lightning_Bundle.png/revision/latest?cb=20110726232257
wiki-9d1240c15674,Kinjutsu: Flash Lightning Bundle II,40,451,14,347,(Kinjutsu) Reduce target's dodge rate for 40%/ 44% /50%/50%. Reduce target's CP for 8%/ 8% /9%/9% when target gives attacks. (3/ 3 /3/4 turns),"[""44%"", ""8%"", ""3""]",Thunder,fandom_ninjutsu,Thunder Ninjutsu,"1,000",0,,https://ninjasaga.fandom.com/wiki/Kinjutsu:_Flash_Lightning_Bundle_II,"Ninja Saga Wiki (Fandom), Lista principal de Ninjutsu. Version historica; no confirma los valores del servidor actual. Se excluye iOS.",pendiente_verificacion_en_juego,,https://static.wikia.nocookie.net/ninjasaga/images/b/b2/Kinjutsu_-_Flash_Lightning_Bundle_II.png/revision/latest?cb=20120705140217
wiki-bce3642192bf,Kinjutsu: Flash Lightning Bundle III,50,429,14,561,(Kinjutsu) Reduce target's dodge rate for 40%/44%/ 50% /50%. Reduce target's CP for 8%/8%/ 9% /9% when target gives attacks. (3/3/ 3 /4 turns),"[""50%"", ""9%"", ""3""]",Thunder,fandom_ninjutsu,Thunder Ninjutsu,"1,000",0,,https://ninjasaga.fandom.com/wiki/Kinjutsu:_Flash_Lightning_Bundle_III,"Ninja Saga Wiki (Fandom), Lista principal de Ninjutsu. Version historica; no confirma los valores del servidor actual. Se excluye iOS.",pendiente_verificacion_en_juego,,
wiki-fa3976ec03b6,Kinjutsu: Flash Lightning Bundle IV,60,512,14,671,(Kinjutsu) Reduce target's dodge rate for 40%/44%/50%/ 50% . Reduce target's CP for 8%/8%/9%/ 9% when target gives attacks. (3/3/3/ 4 turns),"[""50%"", ""9%"", ""4""]",Thunder,fandom_ninjutsu,Thunder Ninjutsu,"1,000",0,,https://ninjasaga.fandom.com/wiki/Kinjutsu:_Flash_Lightning_Bundle_IV,"Ninja Saga Wiki (Fandom), Lista principal de Ninjutsu. Version historica; no confirma los valores del servidor actual. Se excluye iOS.",pendiente_verificacion_en_juego,,
wiki-8a84837a7103,Dual Lightning Impulse,31,176 (x2),10,396,Transforms into lightning ethereal to strike an enemy.,[],Thunder,fandom_ninjutsu,Thunder Ninjutsu,"8,330",0,,https://ninjasaga.fandom.com/wiki/Dual_Lightning_Impulse,"Ninja Saga Wiki (Fandom), Lista principal de Ninjutsu. Version historica; no confirma los valores del servidor actual. Se excluye iOS.",pendiente_verificacion_en_juego,,https://static.wikia.nocookie.net/ninjasaga/images/d/d5/Dual_Lightning_Impulse.png/revision/latest?cb=20110809040842
wiki-6c36a1154016,Lightning Beam,34,385,10,396,Releases a lightning beam and strike your enemy.,[],Thunder,fandom_ninjutsu,Thunder Ninjutsu,"10,320",0,,https://ninjasaga.fandom.com/wiki/Lightning_Beam,"Ninja Saga Wiki (Fandom), Lista principal de Ninjutsu. Version historica; no confirma los valores del servidor actual. Se excluye iOS.",pendiente_verificacion_en_juego,,https://static.wikia.nocookie.net/ninjasaga/images/3/3f/Lightning_Beam.png/revision/latest?cb=20110809041222
wiki-4a2f8231cb08,Dual Lightning Shock,36,204 (x2),10,418,Create two lightning balls and strike your enemy.,[],Thunder,fandom_ninjutsu,Thunder Ninjutsu,"12,100",0,,https://ninjasaga.fandom.com/wiki/Dual_Lightning_Shock,"Ninja Saga Wiki (Fandom), Lista principal de Ninjutsu. Version historica; no confirma los valores del servidor actual. Se excluye iOS.",pendiente_verificacion_en_juego,,https://static.wikia.nocookie.net/ninjasaga/images/9/91/Dual_Lightning_Shock.png/revision/latest?cb=20110809041628
wiki-2b73124111dc,Kinjutsu: Armor of Narukami,40,0,10,200,(Kinjutsu) Increase damage and critical chance by 15% /20%/20%; and ignore 15% /20%/20% of target's dodge. ( 3 /3/4 turns),"[""15%"", ""15%"", ""3""]",Thunder,fandom_ninjutsu,Thunder Ninjutsu,"1,000",0,,https://ninjasaga.fandom.com/wiki/Kinjutsu:_Armor_of_Narukami,"Ninja Saga Wiki (Fandom), Lista principal de Ninjutsu. Version historica; no confirma los valores del servidor actual. Se excluye iOS.",pendiente_verificacion_en_juego,,https://static.wikia.nocookie.net/ninjasaga/images/d/d4/Kinjutsu_-_Armor_of_Narukami.png/revision/latest?cb=20110726233245
wiki-ac4784a43719,Kinjutsu: Armor of Narukami II,50,0,14,429,(Kinjutsu) Increase damage and critical chance by 15%/ 20% /20%; and ignore 15%/ 20% /20% of target's dodge. (3/ 3 /4 turns),"[""20%"", ""20%"", ""3""]",Thunder,fandom_ninjutsu,Thunder Ninjutsu,"1,000",0,,https://ninjasaga.fandom.com/wiki/Kinjutsu:_Armor_of_Narukami_II,"Ninja Saga Wiki (Fandom), Lista principal de Ninjutsu. Version historica; no confirma los valores del servidor actual. Se excluye iOS.",pendiente_verificacion_en_juego,,https://static.wikia.nocookie.net/ninjasaga/images/a/a8/Kinjutsu_-_Armor_of_Narukami_II.png/revision/latest?cb=20120705141103
wiki-75dc1d8ecb9c,Kinjutsu: Armor of Narukami III,60,999999,14,512,(Kinjutsu) Increase damage and critical chance by 15%/20%/ 20% ; and ignore 15%/20%/ 20% of target's dodge. (3/3/ 4 turns),"[""20%"", ""20%"", ""4""]",Thunder,fandom_ninjutsu,Thunder Ninjutsu,"1,000",0,,https://ninjasaga.fandom.com/wiki/Kinjutsu:_Armor_of_Narukami_III,"Ninja Saga Wiki (Fandom), Lista principal de Ninjutsu. Version historica; no confirma los valores del servidor actual. Se excluye iOS.",pendiente_verificacion_en_juego,,https://static.wikia.nocookie.net/ninjasaga/images/d/d8/Kinjutsu_-_Armor_of_Narukami_III.png/revision/latest?cb=20120813150848
wiki-3c269f7c3419,Lightning Flash Cry,40,451,10,462,Create 2 lightning balls to form a strong flash ball and burst on the enemy.,[],Thunder,fandom_ninjutsu,Thunder Ninjutsu,"17,400",0,,https://ninjasaga.fandom.com/wiki/Lightning_Flash_Cry,"Ninja Saga Wiki (Fandom), Lista principal de Ninjutsu. Version historica; no confirma los valores del servidor actual. Se excluye iOS.",pendiente_verificacion_en_juego,,https://static.wikia.nocookie.net/ninjasaga/images/3/3b/Lightning_Flash_Cry.png/revision/latest?cb=20110809200555
wiki-cfcfa6928dc4,Lightning Energy Burst,42,"style=""text-align: center;""9999",10,484,Concentrate lightning energy and explode it on enemy.,[],Thunder,fandom_ninjutsu,Thunder Ninjutsu,"25,500",0,,https://ninjasaga.fandom.com/wiki/Lightning_Energy_Burst,"Ninja Saga Wiki (Fandom), Lista principal de Ninjutsu. Version historica; no confirma los valores del servidor actual. Se excluye iOS.",pendiente_verificacion_en_juego,,https://static.wikia.nocookie.net/ninjasaga/images/3/31/Lightning_Energy_Burst.png/revision/latest?cb=20110809201135
wiki-1f0df08db59f,Bursted Lightning Slash,44,495,10,506,Generate large amount of electricity and slash target at high speed.,[],Thunder,fandom_ninjutsu,Thunder Ninjutsu,"30,900",0,,https://ninjasaga.fandom.com/wiki/Bursted_Lightning_Slash,"Ninja Saga Wiki (Fandom), Lista principal de Ninjutsu. Version historica; no confirma los valores del servidor actual. Se excluye iOS.",pendiente_verificacion_en_juego,,https://static.wikia.nocookie.net/ninjasaga/images/5/54/Bursted_Lightning_Slash.png/revision/latest?cb=20110809202038
wiki-6791ba292c11,Great Lightning Ball,48,9999,10,550,Create a huge lightning ball and throw to enemy.,[],Thunder,fandom_ninjutsu,Thunder Ninjutsu,"47,800",0,,https://ninjasaga.fandom.com/wiki/Great_Lightning_Ball,"Ninja Saga Wiki (Fandom), Lista principal de Ninjutsu. Version historica; no confirma los valores del servidor actual. Se excluye iOS.",pendiente_verificacion_en_juego,,https://static.wikia.nocookie.net/ninjasaga/images/4/4f/Great_Lightning_Ball.png/revision/latest?cb=20110809202440
wiki-07a0c18385d9,Kinjutsu: Ultimate Lightning Boost,50,0,15,250,"Remove all negative status for once, stun target 1 turn with Lightning Ninjutsu ( 2 /3 turns).","[""2""]",Thunder,fandom_ninjutsu,Thunder Ninjutsu,"1,000",0,,https://ninjasaga.fandom.com/wiki/Kinjutsu:_Ultimate_Lightning_Boost,"Ninja Saga Wiki (Fandom), Lista principal de Ninjutsu. Version historica; no confirma los valores del servidor actual. Se excluye iOS.",pendiente_verificacion_en_juego,,https://static.wikia.nocookie.net/ninjasaga/images/d/d5/Kinjutsu_-_Ultimate_Lightning_Boost.png/revision/latest?cb=20110726234737
wiki-238d9c6cecf7,Kinjutsu: Ultimate Lightning Boost II,60,0,14,512,"Remove all negative status for once, stun target 1 turn with Lightning Ninjutsu (2/ 3 turns).","[""3""]",Thunder,fandom_ninjutsu,Thunder Ninjutsu,"1,000",0,,https://ninjasaga.fandom.com/wiki/Kinjutsu:_Ultimate_Lightning_Boost_II,"Ninja Saga Wiki (Fandom), Lista principal de Ninjutsu. Version historica; no confirma los valores del servidor actual. Se excluye iOS.",pendiente_verificacion_en_juego,,https://static.wikia.nocookie.net/ninjasaga/images/b/b6/Kinjutsu_-_Ultimate_Lightning_Boost_II.png/revision/latest?cb=20120705141737
wiki-f32481823910,Dual Lightning Beam,54,303 (x2),10,616,Release a pair of lightning beams to strike target.,[],Thunder,fandom_ninjutsu,Thunder Ninjutsu,"95,100",0,,https://ninjasaga.fandom.com/wiki/Dual_Lightning_Beam,"Ninja Saga Wiki (Fandom), Lista principal de Ninjutsu. Version historica; no confirma los valores del servidor actual. Se excluye iOS.",pendiente_verificacion_en_juego,,https://static.wikia.nocookie.net/ninjasaga/images/c/cc/Dual_Lightning_Beam.png/revision/latest?cb=20111117043648
wiki-45c1543db4b7,Lightning Nuclear Burst,57,638,10,649,Explode a high voltage lightning ball on target.,[],Thunder,fandom_ninjutsu,Thunder Ninjutsu,"129,350",0,,https://ninjasaga.fandom.com/wiki/Lightning_Nuclear_Burst,"Ninja Saga Wiki (Fandom), Lista principal de Ninjutsu. Version historica; no confirma los valores del servidor actual. Se excluye iOS.",pendiente_verificacion_en_juego,,https://static.wikia.nocookie.net/ninjasaga/images/a/aa/Lightning_Nuclear_Burst.png/revision/latest?cb=20110809202828
wiki-6ed651747662,Kinjutsu: Narukami Great Lightning Bullet,60,671,14,300,"Reduce 20% reactive force chance (4 turns), increase 3 Earth Ninjutsu cool down, receive 100% Critical Hit if the player is under 'Kinjutsu: Ultimate Lightning Boost' status effect.",[],Thunder,fandom_ninjutsu,Thunder Ninjutsu,"1,000",0,,https://ninjasaga.fandom.com/wiki/Kinjutsu:_Narukami_Great_Lightning_Bullet,"Ninja Saga Wiki (Fandom), Lista principal de Ninjutsu. Version historica; no confirma los valores del servidor actual. Se excluye iOS.",pendiente_verificacion_en_juego,,https://static.wikia.nocookie.net/ninjasaga/images/b/bc/Kinjutsu_-_Narukami_Great_Lightning_Bullet.png/revision/latest?cb=20110727002649
wiki-6657790e1d96,Lightning Scatter Shot,60,671,10,682,Concentrate lightning energy and unloosen them in the form of continous lightning balls.,[],Thunder,fandom_ninjutsu,Thunder Ninjutsu,"177,400",0,,https://ninjasaga.fandom.com/wiki/Lightning_Scatter_Shot,"Ninja Saga Wiki (Fandom), Lista principal de Ninjutsu. Version historica; no confirma los valores del servidor actual. Se excluye iOS.",pendiente_verificacion_en_juego,,https://static.wikia.nocookie.net/ninjasaga/images/b/b2/Lightning_Scatter_Shot.png/revision/latest?cb=20110809203315
wiki-969d053acdb3,Severing Flash Chop,62,693,10,704,Use lightning to increase speed and attack target with a lightning chop.,[],Thunder,fandom_ninjutsu,Thunder Ninjutsu,"195,570",0,,https://ninjasaga.fandom.com/wiki/Severing_Flash_Chop,"Ninja Saga Wiki (Fandom), Lista principal de Ninjutsu. Version historica; no confirma los valores del servidor actual. Se excluye iOS.",pendiente_verificacion_en_juego,,https://static.wikia.nocookie.net/ninjasaga/images/2/24/Severing_Flash_Chop.png/revision/latest?cb=20110827140027
wiki-beee5751a0ef,Lightning Roar of Sky,65,726,10,737,Collect all the lightning in the sky and combine them with your lightning energy. Form a giant lightning ball to attack.,[],Thunder,fandom_ninjutsu,Thunder Ninjutsu,"225,720",0,,https://ninjasaga.fandom.com/wiki/Lightning_Roar_of_Sky,"Ninja Saga Wiki (Fandom), Lista principal de Ninjutsu. Version historica; no confirma los valores del servidor actual. Se excluye iOS.",pendiente_verificacion_en_juego,,https://static.wikia.nocookie.net/ninjasaga/images/9/9e/Lightning_Roar_of_Sky.png/revision/latest?cb=20111005112016
wiki-ba7c4a1d9358,Unlimited Burst Strike,70,781,10,792,Combine all your lightning element within your attack.,[],Thunder,fandom_ninjutsu,Thunder Ninjutsu,"304,780",0,,https://ninjasaga.fandom.com/wiki/Unlimited_Burst_Strike,"Ninja Saga Wiki (Fandom), Lista principal de Ninjutsu. Version historica; no confirma los valores del servidor actual. Se excluye iOS.",pendiente_verificacion_en_juego,,https://static.wikia.nocookie.net/ninjasaga/images/a/a9/Unlimited_Burst_Strike.png/revision/latest?cb=20111102132851
wiki-dda80098f173,Flash Spark Bombardment,75,836,8,847,Direct all the lightning scatter to attack your enemy.,[],Thunder,fandom_ninjutsu,Thunder Ninjutsu,"412,540",0,,https://ninjasaga.fandom.com/wiki/Flash_Spark_Bombardment,"Ninja Saga Wiki (Fandom), Lista principal de Ninjutsu. Version historica; no confirma los valores del servidor actual. Se excluye iOS.",pendiente_verificacion_en_juego,,https://static.wikia.nocookie.net/ninjasaga/images/3/3e/Flash_Spark_Bombardment.png/revision/latest?cb=20111114201308
wiki-63471ef84ffb,Boost Lightning Fang Bomb,80,891,10,902,Kick down your target in a flash.,[],Thunder,fandom_ninjutsu,Thunder Ninjutsu,"536,020",0,,https://ninjasaga.fandom.com/wiki/Boost_Lightning_Fang_Bomb,"Ninja Saga Wiki (Fandom), Lista principal de Ninjutsu. Version historica; no confirma los valores del servidor actual. Se excluye iOS.",pendiente_verificacion_en_juego,,https://static.wikia.nocookie.net/ninjasaga/images/0/09/Boost_Lightning_Fang_Bomb.png/revision/latest?cb=20111213220038
wiki-cbe745532a19,Summoning: Lightning Combo Strike,80,535,10,"2,706",Summons Lightning of the SNF to attack all enemies with Ultimate Lightning Attack. Opponent team is inflicted negative effect 'Blind' for 2 turns (Blind: extra 20% dodge rate during oppoent's attack).,[],Thunder,fandom_ninjutsu,Thunder Ninjutsu,"10,000",0,,https://ninjasaga.fandom.com/wiki/Summoning:_Lightning_Combo_Strike,"Ninja Saga Wiki (Fandom), Lista principal de Ninjutsu. Version historica; no confirma los valores del servidor actual. Se excluye iOS.",pendiente_verificacion_en_juego,,https://static.wikia.nocookie.net/ninjasaga/images/9/94/Summoning_-_Lightning_Combo_Strike.png/revision/latest?cb=20120813152741
wiki-78ddf38edde3,Kinjutsu: Inazuma Mangedan,5,10,50,10,"(Kinjutsu) User consumes all CP, target inflicts the 'Blind' status (2 turns) (extra 100% dodge rate during target's attack)",[],Thunder,fandom_ninjutsu,Event Thunder Ninjutsu,,,Materials Market during 3rd Anniversary : x1 Heart of Kari x1 Crystal of Kari x20 Primary Ninja Ribbon x10 Intermediate Ninja Ribbon x10 Superior Ninja Ribbon x10 Winner Certificate,https://ninjasaga.fandom.com/wiki/Kinjutsu:_Inazuma_Mangedan,"Ninja Saga Wiki (Fandom), Lista principal de Ninjutsu. Version historica; no confirma los valores del servidor actual. Se excluye iOS.",pendiente_verificacion_en_juego,,https://static.wikia.nocookie.net/ninjasaga/images/6/66/Kinjutsu_-_Inazuma_Mangedan.png/revision/latest?cb=20120721133357
wiki-18bc48b32f11,Kinjutsu: Shadow Lightning Annihilation,40,496,10,462,(Kinjutsu) Stun target for 1 turn,[],Thunder,fandom_ninjutsu,Event Thunder Ninjutsu,,,Materials Market during 3rd Anniversary : x1 Heart of Kari x1 Crystal of Kari x6 Primary Ninja Ribbon x4 Intermediate Ninja Ribbon x4 Superior Ninja Ribbon x4 Winner Certificate,https://ninjasaga.fandom.com/wiki/Kinjutsu:_Shadow_Lightning_Annihilation,"Ninja Saga Wiki (Fandom), Lista principal de Ninjutsu. Version historica; no confirma los valores del servidor actual. Se excluye iOS.",pendiente_verificacion_en_juego,,https://static.wikia.nocookie.net/ninjasaga/images/4/44/Kinjutsu_-_Shadow_Lightning_Annihilation.png/revision/latest?cb=20120721133814
wiki-97187dbea123,Kinjutsu: Five Finger Lightning Spear,80,99999,6,450,(Kinjutsu) This jutsu can be used more frequently and consumes less CP,[],Thunder,fandom_ninjutsu,Event Thunder Ninjutsu,,,Materials Market during 3rd Anniversary : x1 Heart of Kari x1 Crystal of Kari x24 Primary Ninja Ribbon x12 Intermediate Ninja Ribbon x12 Superior Ninja Ribbon x12 Winner Certificate,https://ninjasaga.fandom.com/wiki/Kinjutsu:_Five_Finger_Lightning_Spear,"Ninja Saga Wiki (Fandom), Lista principal de Ninjutsu. Version historica; no confirma los valores del servidor actual. Se excluye iOS.",pendiente_verificacion_en_juego,,https://static.wikia.nocookie.net/ninjasaga/images/5/5c/Kinjutsu_-_Five_Finger_Lightning_Spear.png/revision/latest?cb=20120721134041
wiki-343625d0f84a,Earth Smash,1,20,3,30,Strikes an enormous power on the ground,[],Earth,fandom_ninjutsu,Earth Ninjutsu,100,0,,https://ninjasaga.fandom.com/wiki/Earth_Smash,"Ninja Saga Wiki (Fandom), Lista principal de Ninjutsu. Version historica; no confirma los valores del servidor actual. Se excluye iOS.",pendiente_verificacion_en_juego,,https://static.wikia.nocookie.net/ninjasaga/images/6/6b/Earth_Smash.png/revision/latest?cb=20110903165745
wiki-8161ade04cd9,Earth Strangle,2,16,10,40,"Creates a Earth based hand, stun the enemy for 2 turns (Not effective on World Boss)",[],Earth,fandom_ninjutsu,Earth Ninjutsu,200,0,,https://ninjasaga.fandom.com/wiki/Earth_Strangle,"Ninja Saga Wiki (Fandom), Lista principal de Ninjutsu. Version historica; no confirma los valores del servidor actual. Se excluye iOS.",pendiente_verificacion_en_juego,,https://static.wikia.nocookie.net/ninjasaga/images/1/12/Earth_Strangle.png/revision/latest?cb=20110903170533
wiki-c7c5c3ab6215,Earth Fist,3,40,8,50,Transforms a fist into solid rock,[],Earth,fandom_ninjutsu,Earth Ninjutsu,300,0,,https://ninjasaga.fandom.com/wiki/Earth_Fist,"Ninja Saga Wiki (Fandom), Lista principal de Ninjutsu. Version historica; no confirma los valores del servidor actual. Se excluye iOS.",pendiente_verificacion_en_juego,,https://static.wikia.nocookie.net/ninjasaga/images/8/88/Earth_Fist.png/revision/latest?cb=20110906163437
wiki-6b4f37a2bdac,Earth Wall,4,50,10,60,Releases a huge solid earth wall,[],Earth,fandom_ninjutsu,Earth Ninjutsu,400,0,,https://ninjasaga.fandom.com/wiki/Earth_Wall,"Ninja Saga Wiki (Fandom), Lista principal de Ninjutsu. Version historica; no confirma los valores del servidor actual. Se excluye iOS.",pendiente_verificacion_en_juego,,https://static.wikia.nocookie.net/ninjasaga/images/2/23/Earth_Wall.png/revision/latest?cb=20110906165101
wiki-ab88b4bf4f80,Mud Golem,5,60,10,70,Summons a mud golem from the characters chakra,[],Earth,fandom_ninjutsu,Earth Ninjutsu,510,0,,https://ninjasaga.fandom.com/wiki/Mud_Golem,"Ninja Saga Wiki (Fandom), Lista principal de Ninjutsu. Version historica; no confirma los valores del servidor actual. Se excluye iOS.",pendiente_verificacion_en_juego,,https://static.wikia.nocookie.net/ninjasaga/images/4/4b/Mud_Golem.png/revision/latest?cb=20110908171130
wiki-98f1a19423cc,Earth Spike,6,70,10,80,Releases a huge earth spikes from the ground,[],Earth,fandom_ninjutsu,Earth Ninjutsu,610,0,,https://ninjasaga.fandom.com/wiki/Earth_Spike,"Ninja Saga Wiki (Fandom), Lista principal de Ninjutsu. Version historica; no confirma los valores del servidor actual. Se excluye iOS.",pendiente_verificacion_en_juego,,https://static.wikia.nocookie.net/ninjasaga/images/7/70/Earth_Spike.png/revision/latest?cb=20110909035552
wiki-f5e173712c94,Earth Erosion,7,80,10,90,Absorbing the minerals from the soil causing earth erosion,[],Earth,fandom_ninjutsu,Earth Ninjutsu,640,0,,https://ninjasaga.fandom.com/wiki/Earth_Erosion,"Ninja Saga Wiki (Fandom), Lista principal de Ninjutsu. Version historica; no confirma los valores del servidor actual. Se excluye iOS.",pendiente_verificacion_en_juego,,https://static.wikia.nocookie.net/ninjasaga/images/f/f2/Earth_Erosion.png/revision/latest?cb=20110909152220
wiki-908fa7d1ecbe,Earth Blast,8,90,10,100,Concentrates all the chakra in the fist striking giant power blast,[],Earth,fandom_ninjutsu,Earth Ninjutsu,660,0,,https://ninjasaga.fandom.com/wiki/Earth_Blast,"Ninja Saga Wiki (Fandom), Lista principal de Ninjutsu. Version historica; no confirma los valores del servidor actual. Se excluye iOS.",pendiente_verificacion_en_juego,,https://static.wikia.nocookie.net/ninjasaga/images/6/6d/Earth_Blast.png/revision/latest?cb=20110909181338
wiki-fc94184c3d31,Earth Boulder,9,100,10,110,Absorbs mineral from soil and creates an earth rock boulder,[],Earth,fandom_ninjutsu,Earth Ninjutsu,750,0,,https://ninjasaga.fandom.com/wiki/Earth_Boulder,"Ninja Saga Wiki (Fandom), Lista principal de Ninjutsu. Version historica; no confirma los valores del servidor actual. Se excluye iOS.",pendiente_verificacion_en_juego,,https://static.wikia.nocookie.net/ninjasaga/images/1/13/Earth_Boulder.png/revision/latest?cb=20110911161501
wiki-9dec7161a033,Kinjutsu: Golem Protection,10,0,10,50,(Kinjutsu) Create a mud golem to protect you from all attacks. Reducing damage by 40% /42%/45%/49%/55%/55% for 3 /3/3/3/3/4 turns.,"[""40%"", ""3""]",Earth,fandom_ninjutsu,Earth Ninjutsu,"1,000",0,,https://ninjasaga.fandom.com/wiki/Kinjutsu:_Golem_Protection,"Ninja Saga Wiki (Fandom), Lista principal de Ninjutsu. Version historica; no confirma los valores del servidor actual. Se excluye iOS.",pendiente_verificacion_en_juego,,https://static.wikia.nocookie.net/ninjasaga/images/6/6d/Kinjutsu_-_Golem_Protection.png/revision/latest?cb=20110815133758
wiki-466b0a02b1f3,Kinjutsu: Golem Protection II,20,0,14,165,(Kinjutsu) Create a mud golem to protect you from all attacks. Reducing damage by 40%/ 42% /45%/49%/55%/55% for 3/ 3 /3/3/3/4 turns.,"[""42%"", ""3""]",Earth,fandom_ninjutsu,Earth Ninjutsu,"1,000",0,,https://ninjasaga.fandom.com/wiki/Kinjutsu:_Golem_Protection_II,"Ninja Saga Wiki (Fandom), Lista principal de Ninjutsu. Version historica; no confirma los valores del servidor actual. Se excluye iOS.",pendiente_verificacion_en_juego,,
wiki-554ef34b603c,Kinjutsu: Golem Protection III,30,0,14,240,(Kinjutsu) Create a mud golem to protect you from all attacks. Reducing damage by 40%/42%/ 45% /49%/55%/55% for 3/3/ 3 /3/3/4 turns.,"[""45%"", ""3""]",Earth,fandom_ninjutsu,Earth Ninjutsu,"1,000",0,,https://ninjasaga.fandom.com/wiki/Kinjutsu:_Golem_Protection_III,"Ninja Saga Wiki (Fandom), Lista principal de Ninjutsu. Version historica; no confirma los valores del servidor actual. Se excluye iOS.",pendiente_verificacion_en_juego,,
wiki-f19f08860ce0,Kinjutsu: Golem Protection IV,40,0,14,315,(Kinjutsu) Create a mud golem to protect you from all attacks. Reducing damage by 40%/42%/45%/ 49% /55%/55% for 3/3/3/ 3 /3/4 turns.,"[""49%"", ""3""]",Earth,fandom_ninjutsu,Earth Ninjutsu,"1,000",0,,https://ninjasaga.fandom.com/wiki/Kinjutsu:_Golem_Protection_IV,"Ninja Saga Wiki (Fandom), Lista principal de Ninjutsu. Version historica; no confirma los valores del servidor actual. Se excluye iOS.",pendiente_verificacion_en_juego,,
wiki-b599eea06453,Kinjutsu: Golem Protection V,50,0,14,390,(Kinjutsu) Create a mud golem to protect you from all attacks. Reducing damage by 40%/42%/45%/49%/ 55% /55% for 3/3/3/3/ 3 /4 turns.,"[""55%"", ""3""]",Earth,fandom_ninjutsu,Earth Ninjutsu,"1,000",0,,https://ninjasaga.fandom.com/wiki/Kinjutsu:_Golem_Protection_V,"Ninja Saga Wiki (Fandom), Lista principal de Ninjutsu. Version historica; no confirma los valores del servidor actual. Se excluye iOS.",pendiente_verificacion_en_juego,,
wiki-1f7350e3cd9e,Kinjutsu: Golem Protection VI,60,0,14,465,(Kinjutsu) Create a mud golem to protect you from all attacks. Reducing damage by 40%/42%/45%/49%/55%/ 55% for 3/3/3/3/3/ 4 turns.,"[""55%"", ""4""]",Earth,fandom_ninjutsu,Earth Ninjutsu,"1,000",0,,https://ninjasaga.fandom.com/wiki/Kinjutsu:_Golem_Protection_VI,"Ninja Saga Wiki (Fandom), Lista principal de Ninjutsu. Version historica; no confirma los valores del servidor actual. Se excluye iOS.",pendiente_verificacion_en_juego,,
wiki-5df5ce78b846,Double Earth Smash,11,60 (x2),10,130,Smash your enemies with the earthen power.,[],Earth,fandom_ninjutsu,Earth Ninjutsu,920,0,,https://ninjasaga.fandom.com/wiki/Double_Earth_Smash,"Ninja Saga Wiki (Fandom), Lista principal de Ninjutsu. Version historica; no confirma los valores del servidor actual. Se excluye iOS.",pendiente_verificacion_en_juego,,https://static.wikia.nocookie.net/ninjasaga/images/0/0d/Double_Earth_Smash.png/revision/latest?cb=20110911161745
wiki-a7249aaf5018,Summoning: Rocky Discus Throw,12,130,10,140,Summons Gaia of the SNF to use the Rock Disk Toss on target.,[],Earth,fandom_ninjutsu,Earth Ninjutsu,"1,010",0,,https://ninjasaga.fandom.com/wiki/Summoning:_Rocky_Discus_Throw,"Ninja Saga Wiki (Fandom), Lista principal de Ninjutsu. Version historica; no confirma los valores del servidor actual. Se excluye iOS.",pendiente_verificacion_en_juego,,https://static.wikia.nocookie.net/ninjasaga/images/9/96/Summoning_-_Rocky_Discus_Throw.png/revision/latest?cb=20120801170925
wiki-bb52873b29c1,Earthen Fist,13,140,10,150,A fist made out of hard composition of mud,[],Earth,fandom_ninjutsu,Earth Ninjutsu,"1,100",0,,https://ninjasaga.fandom.com/wiki/Earthen_Fist,"Ninja Saga Wiki (Fandom), Lista principal de Ninjutsu. Version historica; no confirma los valores del servidor actual. Se excluye iOS.",pendiente_verificacion_en_juego,,https://static.wikia.nocookie.net/ninjasaga/images/1/16/Earthen_Fist.png/revision/latest?cb=20110911162115
wiki-7287e8a67d20,Earth Rock Boulder,15,160,10,170,Create large rock boulder and smash it to an enemy,[],Earth,fandom_ninjutsu,Earth Ninjutsu,"1,290",0,,https://ninjasaga.fandom.com/wiki/Earth_Rock_Boulder,"Ninja Saga Wiki (Fandom), Lista principal de Ninjutsu. Version historica; no confirma los valores del servidor actual. Se excluye iOS.",pendiente_verificacion_en_juego,,https://static.wikia.nocookie.net/ninjasaga/images/8/83/Earth_Rock_Boulder.png/revision/latest?cb=20110911162619
wiki-20ff4b92547a,Earth Spines,17,180,10,190,Attack your enemy with spines created in mud.,[],Earth,fandom_ninjutsu,Earth Ninjutsu,"1,490",0,,https://ninjasaga.fandom.com/wiki/Earth_Spines,"Ninja Saga Wiki (Fandom), Lista principal de Ninjutsu. Version historica; no confirma los valores del servidor actual. Se excluye iOS.",pendiente_verificacion_en_juego,,https://static.wikia.nocookie.net/ninjasaga/images/4/42/Earth_Spines.png/revision/latest?cb=20110911163216
wiki-362fcd12d3d8,Kinjutsu: Earth Absorption,20,189,10,100,(Kinjutsu) Earth damage that drain 15% /25%/40%/60%/85% of target's current CP.,"[""15%""]",Earth,fandom_ninjutsu,Earth Ninjutsu,"1,000",0,,https://ninjasaga.fandom.com/wiki/Kinjutsu:_Earth_Absorption,"Ninja Saga Wiki (Fandom), Lista principal de Ninjutsu. Version historica; no confirma los valores del servidor actual. Se excluye iOS.",pendiente_verificacion_en_juego,,https://static.wikia.nocookie.net/ninjasaga/images/f/f1/Kinjutsu_-_Earth_Absorption.png/revision/latest?cb=20110815140747
wiki-dffce3ed5356,Kinjutsu: Earth Absorption II,30,310,14,240,(Kinjutsu) Earth damage that drain 15%/ 25% /40%/60%/85% of target's current CP.,"[""25%""]",Earth,fandom_ninjutsu,Earth Ninjutsu,"1,000",0,,https://ninjasaga.fandom.com/wiki/Kinjutsu:_Earth_Absorption_II,"Ninja Saga Wiki (Fandom), Lista principal de Ninjutsu. Version historica; no confirma los valores del servidor actual. Se excluye iOS.",pendiente_verificacion_en_juego,,
wiki-db5b1978af5a,Kinjutsu: Earth Absorption III,40,410,14,315,(Kinjutsu) Earth damage that drain 15%/25%/ 40% /60%/85% of target's current CP.,"[""40%""]",Earth,fandom_ninjutsu,Earth Ninjutsu,"1,000",0,,https://ninjasaga.fandom.com/wiki/Kinjutsu:_Earth_Absorption_III,"Ninja Saga Wiki (Fandom), Lista principal de Ninjutsu. Version historica; no confirma los valores del servidor actual. Se excluye iOS.",pendiente_verificacion_en_juego,,
wiki-b9e8288bb9cb,Kinjutsu: Earth Absorption IV,50,,14,390,(Kinjutsu) Earth damage that drain 15%/25%/40%/ 60% /85% of target's current CP.,"[""60%""]",Earth,fandom_ninjutsu,Earth Ninjutsu,"1,000",0,,https://ninjasaga.fandom.com/wiki/Kinjutsu:_Earth_Absorption_IV,"Ninja Saga Wiki (Fandom), Lista principal de Ninjutsu. Version historica; no confirma los valores del servidor actual. Se excluye iOS.",pendiente_verificacion_en_juego,,
wiki-a604910d4a9e,Kinjutsu: Earth Absorption V,60,,14,465,(Kinjutsu) Earth damage that drain 15%/25%/40%/60%/ 85% of target's current CP.,"[""85%""]",Earth,fandom_ninjutsu,Earth Ninjutsu,"1,000",0,,https://ninjasaga.fandom.com/wiki/Kinjutsu:_Earth_Absorption_V,"Ninja Saga Wiki (Fandom), Lista principal de Ninjutsu. Version historica; no confirma los valores del servidor actual. Se excluye iOS.",pendiente_verificacion_en_juego,,
wiki-c2f28540bc9a,Earth Fist Combo,21,220,10,230,Combo of mud fist releases huge solid earth wall to attack the enemy,[],Earth,fandom_ninjutsu,Earth Ninjutsu,"4,570",0,,https://ninjasaga.fandom.com/wiki/Earth_Fist_Combo,"Ninja Saga Wiki (Fandom), Lista principal de Ninjutsu. Version historica; no confirma los valores del servidor actual. Se excluye iOS.",pendiente_verificacion_en_juego,,https://static.wikia.nocookie.net/ninjasaga/images/6/61/Earth_Fist_Combo.png/revision/latest?cb=20120212172040
wiki-bd30d3263a9e,Earthen Strike Fist,23,120 (x2),10,250,Release a fist of mud to strike the enemy twice.,[],Earth,fandom_ninjutsu,Earth Ninjutsu,"5,130",0,,https://ninjasaga.fandom.com/wiki/Earthen_Strike_Fist,"Ninja Saga Wiki (Fandom), Lista principal de Ninjutsu. Version historica; no confirma los valores del servidor actual. Se excluye iOS.",pendiente_verificacion_en_juego,,https://static.wikia.nocookie.net/ninjasaga/images/6/6e/Earthen_Strike_Fist.png/revision/latest?cb=20120212172145
wiki-2d787cc0c646,Rock Dumplings,26,270,10,280,Absorbs mineral from rock and creates an earth rock boulder.,[],Earth,fandom_ninjutsu,Earth Ninjutsu,"6,100",0,,https://ninjasaga.fandom.com/wiki/Rock_Dumplings,"Ninja Saga Wiki (Fandom), Lista principal de Ninjutsu. Version historica; no confirma los valores del servidor actual. Se excluye iOS.",pendiente_verificacion_en_juego,,https://static.wikia.nocookie.net/ninjasaga/images/7/7e/Rock_Dumplings.png/revision/latest/scale-to-width-down/112?cb=20110912122945
wiki-0879a406638a,Summoning: Rocky Ball Artillery,28,290,10,300,Summons Gaia of the SNF to use the Super Stone Throw Attack.,[],Earth,fandom_ninjutsu,Earth Ninjutsu,"6,880",0,,https://ninjasaga.fandom.com/wiki/Summoning:_Rocky_Ball_Artillery,"Ninja Saga Wiki (Fandom), Lista principal de Ninjutsu. Version historica; no confirma los valores del servidor actual. Se excluye iOS.",pendiente_verificacion_en_juego,,https://static.wikia.nocookie.net/ninjasaga/images/1/1e/Earth.png/revision/latest?cb=20110616201912
wiki-a69988944602,Earth Arm,29,300,10,310,Create an earth based arm to attack the enemy.,[],Earth,fandom_ninjutsu,Earth Ninjutsu,"7,320",0,,https://ninjasaga.fandom.com/wiki/Earth_Arm,"Ninja Saga Wiki (Fandom), Lista principal de Ninjutsu. Version historica; no confirma los valores del servidor actual. Se excluye iOS.",pendiente_verificacion_en_juego,,https://static.wikia.nocookie.net/ninjasaga/images/6/6c/Earth_Arm.png/revision/latest?cb=20120212172609
wiki-dcd91cfc6661,Kinjutsu: Hidden Among Rocks,30,0,10,150,(Kinjutsu) Reduce taken damage by 100% for 1 /1/1/1 turn and increase attack damage for 75% /80%/85%/90% in the next turn.,"[""1"", ""75%""]",Earth,fandom_ninjutsu,Earth Ninjutsu,"1,000",0,,https://ninjasaga.fandom.com/wiki/Kinjutsu:_Hidden_Among_Rocks,"Ninja Saga Wiki (Fandom), Lista principal de Ninjutsu. Version historica; no confirma los valores del servidor actual. Se excluye iOS.",pendiente_verificacion_en_juego,,https://static.wikia.nocookie.net/ninjasaga/images/7/70/Kinjutsu_-_Hidden_Among_Rocks.png/revision/latest?cb=20110819042758
wiki-3e2aacc08f39,Kinjutsu: Hidden Among Rocks II,40,0,14,315,(Kinjutsu) Reduce taken damage by 100% for 1/ 1 /1/1 turn and increase attack damage for 75%/ 80% /85%/90% in the next turn.,"[""1"", ""80%""]",Earth,fandom_ninjutsu,Earth Ninjutsu,"1,000",0,,https://ninjasaga.fandom.com/wiki/Kinjutsu:_Hidden_Among_Rocks_II,"Ninja Saga Wiki (Fandom), Lista principal de Ninjutsu. Version historica; no confirma los valores del servidor actual. Se excluye iOS.",pendiente_verificacion_en_juego,,
wiki-444e19081635,Kinjutsu: Hidden Among Rocks III,50,0,14,390,(Kinjutsu) Reduce taken damage by 100% for 1/1/ 1 /1 turn and increase attack damage for 75%/80%/ 85% /90% in the next turn.,"[""1"", ""85%""]",Earth,fandom_ninjutsu,Earth Ninjutsu,"1,000",0,,https://ninjasaga.fandom.com/wiki/Kinjutsu:_Hidden_Among_Rocks_III,"Ninja Saga Wiki (Fandom), Lista principal de Ninjutsu. Version historica; no confirma los valores del servidor actual. Se excluye iOS.",pendiente_verificacion_en_juego,,
wiki-27e59e76b50c,Kinjutsu: Hidden Among Rocks IV,60,0,14,465,(Kinjutsu) Reduce taken damage by 100% for 1/1/1/ 1 turn and increase attack damage for 75%/80%/85%/ 90% in the next turn.,"[""1"", ""90%""]",Earth,fandom_ninjutsu,Earth Ninjutsu,"1,000",0,,https://ninjasaga.fandom.com/wiki/Kinjutsu:_Hidden_Among_Rocks_IV,"Ninja Saga Wiki (Fandom), Lista principal de Ninjutsu. Version historica; no confirma los valores del servidor actual. Se excluye iOS.",pendiente_verificacion_en_juego,,
wiki-d92733432d5d,Hexagonal Rock Hill,31,320,10,330,Releases a huge hexagonal rock wall.,[],Earth,fandom_ninjutsu,Earth Ninjutsu,"8,330",0,,https://ninjasaga.fandom.com/wiki/Hexagonal_Rock_Hill,"Ninja Saga Wiki (Fandom), Lista principal de Ninjutsu. Version historica; no confirma los valores del servidor actual. Se excluye iOS.",pendiente_verificacion_en_juego,,https://static.wikia.nocookie.net/ninjasaga/images/7/7a/Hexagonal_Rock_Hill.png/revision/latest?cb=20120212172715
wiki-d92471dc3a08,Earth Arm Combo,34,175 (x2),10,360,Create two earth based arms to attack the enemy.,[],Earth,fandom_ninjutsu,Earth Ninjutsu,"10,320",0,,https://ninjasaga.fandom.com/wiki/Earth_Arm_Combo,"Ninja Saga Wiki (Fandom), Lista principal de Ninjutsu. Version historica; no confirma los valores del servidor actual. Se excluye iOS.",pendiente_verificacion_en_juego,,https://static.wikia.nocookie.net/ninjasaga/images/e/e4/Earth_Arm_Combo.png/revision/latest?cb=20120212172916
wiki-6c76c5863033,Earth Palm,36,370,10,380,Creates a Earth based palm and squelch your enemy.,[],Earth,fandom_ninjutsu,Earth Ninjutsu,"12,100",0,,https://ninjasaga.fandom.com/wiki/Earth_Palm,"Ninja Saga Wiki (Fandom), Lista principal de Ninjutsu. Version historica; no confirma los valores del servidor actual. Se excluye iOS.",pendiente_verificacion_en_juego,,https://static.wikia.nocookie.net/ninjasaga/images/b/bf/Earth_Palm.png/revision/latest?cb=20120212173101
wiki-6459b5e66749,Kinjutsu: Embrace of Golem,40,0,10,200,(Kinjutsu) Increase HP by 5% /6%/6% every turn and will not be affected by any negative status ( 3 /3/4 turns).,"[""5%"", ""3""]",Earth,fandom_ninjutsu,Earth Ninjutsu,"1,000",0,,https://ninjasaga.fandom.com/wiki/Kinjutsu:_Embrace_of_Golem,"Ninja Saga Wiki (Fandom), Lista principal de Ninjutsu. Version historica; no confirma los valores del servidor actual. Se excluye iOS.",pendiente_verificacion_en_juego,,https://static.wikia.nocookie.net/ninjasaga/images/d/d0/Kinjutsu_-_Embrace_of_Golem.png/revision/latest?cb=20110820015943
wiki-bb698753acab,Kinjutsu: Embrace of Golem II,50,0,14,390,(Kinjutsu) Increase HP by 5%/ 6% /6% every turn and will not be affected by any negative status (3/ 3 /4 turns).,"[""6%"", ""3""]",Earth,fandom_ninjutsu,Earth Ninjutsu,"1,000",0,,https://ninjasaga.fandom.com/wiki/Kinjutsu:_Embrace_of_Golem_II,"Ninja Saga Wiki (Fandom), Lista principal de Ninjutsu. Version historica; no confirma los valores del servidor actual. Se excluye iOS.",pendiente_verificacion_en_juego,,
wiki-1150c48d1714,Kinjutsu: Embrace of Golem III,60,0,14,465,(Kinjutsu) Increase HP by 5%/6%/ 6% every turn and will not be affected by any negative status (3/3/ 4 turns).,"[""6%"", ""4""]",Earth,fandom_ninjutsu,Earth Ninjutsu,"1,000",0,,https://ninjasaga.fandom.com/wiki/Kinjutsu:_Embrace_of_Golem_III,"Ninja Saga Wiki (Fandom), Lista principal de Ninjutsu. Version historica; no confirma los valores del servidor actual. Se excluye iOS.",pendiente_verificacion_en_juego,,
wiki-01b6f17babe4,Mud Golem Fist,40,410,10,420,Summons a mud golem and strike the enemy by fist,[],Earth,fandom_ninjutsu,Earth Ninjutsu,"17,400",0,,https://ninjasaga.fandom.com/wiki/Mud_Golem_Fist,"Ninja Saga Wiki (Fandom), Lista principal de Ninjutsu. Version historica; no confirma los valores del servidor actual. Se excluye iOS.",pendiente_verificacion_en_juego,,https://static.wikia.nocookie.net/ninjasaga/images/a/a4/Mud_Golem_Fist.png/revision/latest?cb=20120212173336
wiki-12641197cb1e,Dual Rock Dumplings,42,430,10,440,Throw 2 rock boulders to the enemy.,[],Earth,fandom_ninjutsu,Earth Ninjutsu,"25,500",0,,https://ninjasaga.fandom.com/wiki/Dual_Rock_Dumplings,"Ninja Saga Wiki (Fandom), Lista principal de Ninjutsu. Version historica; no confirma los valores del servidor actual. Se excluye iOS.",pendiente_verificacion_en_juego,,https://static.wikia.nocookie.net/ninjasaga/images/d/dc/Dual_Rock_Dumplings.png/revision/latest?cb=20120212173510
wiki-cc4b09b25a33,Earth Spear Assassination,44,450,10,460,Summon a lot of earth spines and slab into target's heart.,[],Earth,fandom_ninjutsu,Earth Ninjutsu,"30,900",0,,https://ninjasaga.fandom.com/wiki/Earth_Spear_Assassination,"Ninja Saga Wiki (Fandom), Lista principal de Ninjutsu. Version historica; no confirma los valores del servidor actual. Se excluye iOS.",pendiente_verificacion_en_juego,,https://static.wikia.nocookie.net/ninjasaga/images/f/fb/Earth_Spear_Assassination.png/revision/latest?cb=20120212173638
wiki-be1de36c9588,Crushed Stone Strike,48,490,10,500,Crush a giant stone with earthen fist and hurt enemy with the stone pieces.,[],Earth,fandom_ninjutsu,Earth Ninjutsu,"47,800",0,,https://ninjasaga.fandom.com/wiki/Crushed_Stone_Strike,"Ninja Saga Wiki (Fandom), Lista principal de Ninjutsu. Version historica; no confirma los valores del servidor actual. Se excluye iOS.",pendiente_verificacion_en_juego,,https://static.wikia.nocookie.net/ninjasaga/images/8/87/Crushed_Stone_Strike.png/revision/latest?cb=20120212173815
wiki-9ec632934425,Kinjutsu: Golem Rock Gauntlets,50,0,14,250,"Remove all negative status, reduce 25% damage (2 turns); if any Earth Ninjutsu is used, next turn reduce 100% damage.",[],Earth,fandom_ninjutsu,Earth Ninjutsu,"1,000",0,,https://ninjasaga.fandom.com/wiki/Kinjutsu:_Golem_Rock_Gauntlets,"Ninja Saga Wiki (Fandom), Lista principal de Ninjutsu. Version historica; no confirma los valores del servidor actual. Se excluye iOS.",pendiente_verificacion_en_juego,,https://static.wikia.nocookie.net/ninjasaga/images/e/e7/Kinjutsu_-_Golem_Rock_Gauntlets.png/revision/latest?cb=20110821172030
wiki-8a78012ade46,Kinjutsu: Golem Rock Gauntlets II,60,0,14,465,"Remove all negative status for once; reduce 25%/ 30% damage (2/ 3 turns); if any Earth Ninjutsu is used, next turn reduce 100% damage.","[""30%"", ""3""]",Earth,fandom_ninjutsu,Earth Ninjutsu,"1,000",0,,https://ninjasaga.fandom.com/wiki/Kinjutsu:_Golem_Rock_Gauntlets_II,"Ninja Saga Wiki (Fandom), Lista principal de Ninjutsu. Version historica; no confirma los valores del servidor actual. Se excluye iOS.",pendiente_verificacion_en_juego,,
wiki-41a1b920540a,Mud Golem Strike Fist,54,550,10,560,Summon the Golem to hit target fiercely.,[],Earth,fandom_ninjutsu,Earth Ninjutsu,"95,100",0,,https://ninjasaga.fandom.com/wiki/Mud_Golem_Strike_Fist,"Ninja Saga Wiki (Fandom), Lista principal de Ninjutsu. Version historica; no confirma los valores del servidor actual. Se excluye iOS.",pendiente_verificacion_en_juego,,https://static.wikia.nocookie.net/ninjasaga/images/8/80/Mud_Golem_Strike_Fist.png/revision/latest?cb=20120212173941
wiki-69b0d4814eb9,Rock Land Blast,57,580,10,590,Smash the floor and damage target with the splashing rocks and stones.,[],Earth,fandom_ninjutsu,Earth Ninjutsu,"129,350",0,,https://ninjasaga.fandom.com/wiki/Rock_Land_Blast,"Ninja Saga Wiki (Fandom), Lista principal de Ninjutsu. Version historica; no confirma los valores del servidor actual. Se excluye iOS.",pendiente_verificacion_en_juego,,https://static.wikia.nocookie.net/ninjasaga/images/7/7f/Rock_Land_Blast.png/revision/latest?cb=20120212174146
wiki-dc0c2b1f10b3,Kinjutsu: Golem Great Smash,60,610,14,300,"Reduce 20% purify chance (4 turns), increase 3 Water Ninjutsu cooldown and ignore disable target from healing if player is under 'Kinjutsu: Golem Rock Gauntlets' status effect. (4 turns)",[],Earth,fandom_ninjutsu,Earth Ninjutsu,"1,000",0,,https://ninjasaga.fandom.com/wiki/Kinjutsu:_Golem_Great_Smash,"Ninja Saga Wiki (Fandom), Lista principal de Ninjutsu. Version historica; no confirma los valores del servidor actual. Se excluye iOS.",pendiente_verificacion_en_juego,,https://static.wikia.nocookie.net/ninjasaga/images/0/0a/Kinjutsu_-_Golem_Great_Smash.png/revision/latest?cb=20110821172806
wiki-0a304313f2c7,Nail Earth Coffin,60,610,10,620,Summon nailed walls to besiege your target.,[],Earth,fandom_ninjutsu,Earth Ninjutsu,"177,400",0,,https://ninjasaga.fandom.com/wiki/Nail_Earth_Coffin,"Ninja Saga Wiki (Fandom), Lista principal de Ninjutsu. Version historica; no confirma los valores del servidor actual. Se excluye iOS.",pendiente_verificacion_en_juego,,https://static.wikia.nocookie.net/ninjasaga/images/1/1a/Nail_Earth_Coffin.png/revision/latest?cb=20120212174330
wiki-03233e3d55f5,Rolling Mud Strike,62,630,10,640,Absorb soil and form a rock to attack enemy.,[],Earth,fandom_ninjutsu,Earth Ninjutsu,"195,570",0,,https://ninjasaga.fandom.com/wiki/Rolling_Mud_Strike,"Ninja Saga Wiki (Fandom), Lista principal de Ninjutsu. Version historica; no confirma los valores del servidor actual. Se excluye iOS.",pendiente_verificacion_en_juego,,https://static.wikia.nocookie.net/ninjasaga/images/e/ee/Rolling_Mud_Strike.png/revision/latest?cb=20120212174619
wiki-79ce413f6ad1,Rock Hammer Bombardment,65,660,10,670,Jump up and strike your target down from the top.,[],Earth,fandom_ninjutsu,Earth Ninjutsu,"225,720",0,,https://ninjasaga.fandom.com/wiki/Rock_Hammer_Bombardment,"Ninja Saga Wiki (Fandom), Lista principal de Ninjutsu. Version historica; no confirma los valores del servidor actual. Se excluye iOS.",pendiente_verificacion_en_juego,,https://static.wikia.nocookie.net/ninjasaga/images/1/1e/Earth.png/revision/latest?cb=20110616201912
wiki-425c70df2fe7,Golem Rock Hill Combo,70,710,10,720,Summons a mud golem and rise up a huge hexagonal rock wall.,[],Earth,fandom_ninjutsu,Earth Ninjutsu,"304,780",0,,https://ninjasaga.fandom.com/wiki/Golem_Rock_Hill_Combo,"Ninja Saga Wiki (Fandom), Lista principal de Ninjutsu. Version historica; no confirma los valores del servidor actual. Se excluye iOS.",pendiente_verificacion_en_juego,,https://static.wikia.nocookie.net/ninjasaga/images/1/16/Golem_Rock_Hill_Combo.png/revision/latest?cb=20120212175012
wiki-668240939a53,Hard Rock Blast Palm,75,760,8,770,Focus soil in hand to form a giant rock fist and hit the ground to great earthquake.,[],Earth,fandom_ninjutsu,Earth Ninjutsu,"412,540",0,,https://ninjasaga.fandom.com/wiki/Hard_Rock_Blast_Palm,"Ninja Saga Wiki (Fandom), Lista principal de Ninjutsu. Version historica; no confirma los valores del servidor actual. Se excluye iOS.",pendiente_verificacion_en_juego,,https://static.wikia.nocookie.net/ninjasaga/images/d/d5/Hard_Rock_Blast_Palm.png/revision/latest?cb=20120212175539
wiki-6732111af034,Golem Solid Earth Burst,80,810,10,820,Summons a mud golem to attack your target with a giant rock.,[],Earth,fandom_ninjutsu,Earth Ninjutsu,"536,020",0,,https://ninjasaga.fandom.com/wiki/Golem_Solid_Earth_Burst,"Ninja Saga Wiki (Fandom), Lista principal de Ninjutsu. Version historica; no confirma los valores del servidor actual. Se excluye iOS.",pendiente_verificacion_en_juego,,https://static.wikia.nocookie.net/ninjasaga/images/7/76/Golem_Solid_Earth_Burst.png/revision/latest?cb=20120212175148
wiki-373fd7c55e17,Summoning: Earth Sand River Jump,80,486,10,"2,460",Summons Gaia of the SNF to use the Long-Jump Sand Attack to cause damage to target. Opponent team is inflicted negative effect 'Weaken' for 3 turns (Weaken: reduce 20% attack damage).,[],Earth,fandom_ninjutsu,Earth Ninjutsu,"10,000",0,,https://ninjasaga.fandom.com/wiki/Summoning:_Earth_Sand_River_Jump,"Ninja Saga Wiki (Fandom), Lista principal de Ninjutsu. Version historica; no confirma los valores del servidor actual. Se excluye iOS.",pendiente_verificacion_en_juego,,https://static.wikia.nocookie.net/ninjasaga/images/e/ea/Summoning_-_Earth_Sand_River_Jump.png/revision/latest?cb=20120813163246
wiki-9a8f346737fd,Kinjutsu: Heavy Rock Martial Art,5,0,50,10,(Kinjutsu) User consumes all CP and gains the 'Debuff Resist' status and 'Guard' statuses (2 turns),[],Earth,fandom_ninjutsu,Event Earth Ninjutsu,,,Materials Market during 3rd Anniversary : x1 Heart of Kari x1 Crystal of Kari x20 Primary Ninja Ribbon x10 Intermediate Ninja Ribbon x10 Superior Ninja Ribbon x10 Winner Certificate,https://ninjasaga.fandom.com/wiki/Kinjutsu:_Heavy_Rock_Martial_Art,"Ninja Saga Wiki (Fandom), Lista principal de Ninjutsu. Version historica; no confirma los valores del servidor actual. Se excluye iOS.",pendiente_verificacion_en_juego,,https://static.wikia.nocookie.net/ninjasaga/images/3/39/Kinjutsu_-_Heavy_Rock_Martial_Art.png/revision/latest?cb=20120722133922
wiki-c7fc8d2ea10f,Kinjutsu: Gan Ute,40,451,10,420,(Kinjutsu) Target inflicts 'Internal Injury' for 2 turns (Disable healing effect),[],Earth,fandom_ninjutsu,Event Earth Ninjutsu,,,Materials Market during 3rd Anniversary : x1 Heart of Kari x1 Crystal of Kari x6 Primary Ninja Ribbon x4 Intermediate Ninja Ribbon x4 Superior Ninja Ribbon x4 Winner Certificate,https://ninjasaga.fandom.com/wiki/Kinjutsu:_Gan_Ute,"Ninja Saga Wiki (Fandom), Lista principal de Ninjutsu. Version historica; no confirma los valores del servidor actual. Se excluye iOS.",pendiente_verificacion_en_juego,,https://static.wikia.nocookie.net/ninjasaga/images/3/3f/Kinjutsu_-_Gan_Ute.png/revision/latest?cb=20120722134619
wiki-0ccd79a09c7c,Kinjutsu: Heavy Rock Destroyer Technique,80,891,10,820,(Kinjutsu) Target inflicts 'Muddy' status (2 turns) (Reduce 50% purify chance),[],Earth,fandom_ninjutsu,Event Earth Ninjutsu,,,Materials Market during 3rd Anniversary : x1 Heart of Kari x1 Crystal of Kari x24 Primary Ninja Ribbon x12 Intermediate Ninja Ribbon x12 Superior Ninja Ribbon x12 Winner Certificate,https://ninjasaga.fandom.com/wiki/Kinjutsu:_Heavy_Rock_Destroyer_Technique,"Ninja Saga Wiki (Fandom), Lista principal de Ninjutsu. Version historica; no confirma los valores del servidor actual. Se excluye iOS.",pendiente_verificacion_en_juego,,https://static.wikia.nocookie.net/ninjasaga/images/4/40/Kinjutsu_-_Heavy_Rock_Destroyer_Technique.png/revision/latest?cb=20120722134923
wiki-1c9d083698f3,Water Burst,1,20,3,30,Release water from the ground,[],Water,fandom_ninjutsu,Water Ninjutsu,100,0,,https://ninjasaga.fandom.com/wiki/Water_Burst,"Ninja Saga Wiki (Fandom), Lista principal de Ninjutsu. Version historica; no confirma los valores del servidor actual. Se excluye iOS.",pendiente_verificacion_en_juego,,https://static.wikia.nocookie.net/ninjasaga/images/9/95/Water_Burst.png/revision/latest?cb=20110912001857
wiki-15a3ac36e82b,Refresh,2,Heal 50,6,40,Use your chakra to recover HP.(+HP),[],Water,fandom_ninjutsu,Water Ninjutsu,200,0,,https://ninjasaga.fandom.com/wiki/Refresh,"Ninja Saga Wiki (Fandom), Lista principal de Ninjutsu. Version historica; no confirma los valores del servidor actual. Se excluye iOS.",pendiente_verificacion_en_juego,,https://static.wikia.nocookie.net/ninjasaga/images/3/3f/Refresh.png/revision/latest?cb=20110704045859
wiki-a6c5c5c03ddb,Water Ball,3,36,8,50,Releases a ball of water from the sealer's mouth.,[],Water,fandom_ninjutsu,Water Ninjutsu,300,0,,https://ninjasaga.fandom.com/wiki/Water_Ball,"Ninja Saga Wiki (Fandom), Lista principal de Ninjutsu. Version historica; no confirma los valores del servidor actual. Se excluye iOS.",pendiente_verificacion_en_juego,,https://static.wikia.nocookie.net/ninjasaga/images/6/6a/Water_Ball.png/revision/latest?cb=20110918040148
wiki-e6d52c12387f,Water Prison,4,45,10,60,Forms a huge ball of water and imprison an enemy,[],Water,fandom_ninjutsu,Water Ninjutsu,400,0,,https://ninjasaga.fandom.com/wiki/Water_Prison,"Ninja Saga Wiki (Fandom), Lista principal de Ninjutsu. Version historica; no confirma los valores del servidor actual. Se excluye iOS.",pendiente_verificacion_en_juego,,https://static.wikia.nocookie.net/ninjasaga/images/5/50/Water_Prison.png/revision/latest?cb=20110918043609
wiki-231afce00e94,Refresh (Rank 2),5,Heal 150,10,70,Use your chakra to recover HP.(+HP),[],Water,fandom_ninjutsu,Water Ninjutsu,510,0,,https://ninjasaga.fandom.com/wiki/Refresh_(Rank_2),"Ninja Saga Wiki (Fandom), Lista principal de Ninjutsu. Version historica; no confirma los valores del servidor actual. Se excluye iOS.",pendiente_verificacion_en_juego,,https://static.wikia.nocookie.net/ninjasaga/images/3/3f/Refresh.png/revision/latest?cb=20110704045859
wiki-de980a06e2d8,Water Dragon Vortex,5,54,10,70,Releases a bursting water vortex,[],Water,fandom_ninjutsu,Water Ninjutsu,510,0,,https://ninjasaga.fandom.com/wiki/Water_Dragon_Vortex,"Ninja Saga Wiki (Fandom), Lista principal de Ninjutsu. Version historica; no confirma los valores del servidor actual. Se excluye iOS.",pendiente_verificacion_en_juego,,https://static.wikia.nocookie.net/ninjasaga/images/e/e4/Water_Dragon_Vortex.png/revision/latest?cb=20110920040403
wiki-c1d0dfaa63d1,Water Shark Missile,6,63,10,80,Releases a water shark missile,[],Water,fandom_ninjutsu,Water Ninjutsu,610,0,,https://ninjasaga.fandom.com/wiki/Water_Shark_Missile,"Ninja Saga Wiki (Fandom), Lista principal de Ninjutsu. Version historica; no confirma los valores del servidor actual. Se excluye iOS.",pendiente_verificacion_en_juego,,https://static.wikia.nocookie.net/ninjasaga/images/a/a6/Water_Shark_Missile.png/revision/latest?cb=20110920043457
wiki-bfcac71ebf97,Water Jet Cannon,7,72,10,90,Releases a water jet cannon,[],Water,fandom_ninjutsu,Water Ninjutsu,640,0,,https://ninjasaga.fandom.com/wiki/Water_Jet_Cannon,"Ninja Saga Wiki (Fandom), Lista principal de Ninjutsu. Version historica; no confirma los valores del servidor actual. Se excluye iOS.",pendiente_verificacion_en_juego,,https://static.wikia.nocookie.net/ninjasaga/images/d/da/Water_Jet_Cannon.png/revision/latest?cb=20110920043829
wiki-2ca5b3ff736c,Water Impale,8,81,10,100,Releases thorns of water impaling an enemy.,[],Water,fandom_ninjutsu,Water Ninjutsu,660,0,,https://ninjasaga.fandom.com/wiki/Water_Impale,"Ninja Saga Wiki (Fandom), Lista principal de Ninjutsu. Version historica; no confirma los valores del servidor actual. Se excluye iOS.",pendiente_verificacion_en_juego,,https://static.wikia.nocookie.net/ninjasaga/images/e/e0/Water_Impale.png/revision/latest?cb=20110920045731
wiki-01ca7026125a,Twin Shark Missile,9,90,10,110,Molds chakra and water to release a twin water shark missile,[],Water,fandom_ninjutsu,Water Ninjutsu,750,0,,https://ninjasaga.fandom.com/wiki/Twin_Shark_Missile,"Ninja Saga Wiki (Fandom), Lista principal de Ninjutsu. Version historica; no confirma los valores del servidor actual. Se excluye iOS.",pendiente_verificacion_en_juego,,https://static.wikia.nocookie.net/ninjasaga/images/d/d8/Twin_Shark_Missile.png/revision/latest?cb=20110920050000
wiki-c7e4dc7bfed7,Kinjutsu: Water Renewal,10,0,10,10,(Kinjutsu) Regenerate 13% /15%/18%/18%/22%/22% CP every turn for 3 /3/3/4/4/5 turns.,"[""13%"", ""3""]",Water,fandom_ninjutsu,Water Ninjutsu,"1,000",0,,https://ninjasaga.fandom.com/wiki/Kinjutsu:_Water_Renewal,"Ninja Saga Wiki (Fandom), Lista principal de Ninjutsu. Version historica; no confirma los valores del servidor actual. Se excluye iOS.",pendiente_verificacion_en_juego,,https://static.wikia.nocookie.net/ninjasaga/images/3/3e/Kinjutsu_-_Water_Renewal.png/revision/latest?cb=20120705143142
wiki-49b2249f1c79,Kinjutsu: Water Renewal II,20,0,14,165,(Kinjutsu) Regenerate 13%/ 15% /18%/18%/22%/22% CP every turn for 3/ 3 /3/4/4/5 turns.,"[""15%"", ""3""]",Water,fandom_ninjutsu,Water Ninjutsu,"1,000",0,,https://ninjasaga.fandom.com/wiki/Kinjutsu:_Water_Renewal_II,"Ninja Saga Wiki (Fandom), Lista principal de Ninjutsu. Version historica; no confirma los valores del servidor actual. Se excluye iOS.",pendiente_verificacion_en_juego,,https://static.wikia.nocookie.net/ninjasaga/images/e/e2/Kinjutsu_-_Water_Renewal_II.png/revision/latest?cb=20120705143106
wiki-1af2b0d2f6eb,Kinjutsu: Water Renewal III,30,0,14,240,(Kinjutsu) Regenerate 13%/15%/ 18% /18%/22%/22% CP every turn for 3/3/ 3 /4/4/5 turns.,"[""18%"", ""3""]",Water,fandom_ninjutsu,Water Ninjutsu,"1,000",0,,https://ninjasaga.fandom.com/wiki/Kinjutsu:_Water_Renewal_III,"Ninja Saga Wiki (Fandom), Lista principal de Ninjutsu. Version historica; no confirma los valores del servidor actual. Se excluye iOS.",pendiente_verificacion_en_juego,,
wiki-dae29d774de7,Kinjutsu: Water Renewal IV,40,0,14,315,(Kinjutsu) Regenerate 13%/15%/18%/ 18% /22%/22% CP every turn for 3/3/3/ 4 /4/5 turns.,"[""18%"", ""4""]",Water,fandom_ninjutsu,Water Ninjutsu,"1,000",0,,https://ninjasaga.fandom.com/wiki/Kinjutsu:_Water_Renewal_IV,"Ninja Saga Wiki (Fandom), Lista principal de Ninjutsu. Version historica; no confirma los valores del servidor actual. Se excluye iOS.",pendiente_verificacion_en_juego,,
wiki-1c135fb1b4e5,Kinjutsu: Water Renewal V,50,0,14,390,(Kinjutsu) Regenerate 13%/15%/18%/18%/ 22% /22% CP every turn for 3/3/3/4/ 4 /5 turns.,"[""22%"", ""4""]",Water,fandom_ninjutsu,Water Ninjutsu,"1,000",0,,https://ninjasaga.fandom.com/wiki/Kinjutsu:_Water_Renewal_V,"Ninja Saga Wiki (Fandom), Lista principal de Ninjutsu. Version historica; no confirma los valores del servidor actual. Se excluye iOS.",pendiente_verificacion_en_juego,,
wiki-79374d869597,Kinjutsu: Water Renewal VI,60,0,14,465,(Kinjutsu) Regenerate 13%/15%/18%/18%/22%/ 22% CP every turn for 3/3/3/4/4/ 5 turns.,"[""22%"", ""5""]",Water,fandom_ninjutsu,Water Ninjutsu,"1,000",0,,https://ninjasaga.fandom.com/wiki/Kinjutsu:_Water_Renewal_VI,"Ninja Saga Wiki (Fandom), Lista principal de Ninjutsu. Version historica; no confirma los valores del servidor actual. Se excluye iOS.",pendiente_verificacion_en_juego,,
wiki-60a8add4f357,Double Water Burst,11,59 (x2),10,130,Empowered your water burst skill and damage your enemies.,[],Water,fandom_ninjutsu,Water Ninjutsu,920,0,,https://ninjasaga.fandom.com/wiki/Double_Water_Burst,"Ninja Saga Wiki (Fandom), Lista principal de Ninjutsu. Version historica; no confirma los valores del servidor actual. Se excluye iOS.",pendiente_verificacion_en_juego,,https://static.wikia.nocookie.net/ninjasaga/images/d/d4/Double_Water_Burst.png/revision/latest?cb=20110920135317
wiki-71203d9db981,Summoning: Sailing Strike,12,117,10,140,Summons Tsunami of the SNF to cause physical damage to target using Wind-surf combo.,[],Water,fandom_ninjutsu,Water Ninjutsu,"1,010",0,,https://ninjasaga.fandom.com/wiki/Summoning:_Sailing_Strike,"Ninja Saga Wiki (Fandom), Lista principal de Ninjutsu. Version historica; no confirma los valores del servidor actual. Se excluye iOS.",pendiente_verificacion_en_juego,,https://static.wikia.nocookie.net/ninjasaga/images/e/e8/Summoning_-_Sailing_Strike.png/revision/latest?cb=20120801171142
wiki-1876b7a68da8,Water Shark Burst,13,126,10,150,Create a watery shark and strike your enemy.,[],Water,fandom_ninjutsu,Water Ninjutsu,"1,100",0,,https://ninjasaga.fandom.com/wiki/Water_Shark_Burst,"Ninja Saga Wiki (Fandom), Lista principal de Ninjutsu. Version historica; no confirma los valores del servidor actual. Se excluye iOS.",pendiente_verificacion_en_juego,,https://static.wikia.nocookie.net/ninjasaga/images/8/80/Water_Shark_Burst.png/revision/latest?cb=20110920135948
wiki-31b17a07d3e4,Refresh (Rank 3),15,Heal 300,10,170,Use your chakra to recover HP.(+HP),[],Water,fandom_ninjutsu,Water Ninjutsu,"1,290",0,,https://ninjasaga.fandom.com/wiki/Refresh_(Rank_3),"Ninja Saga Wiki (Fandom), Lista principal de Ninjutsu. Version historica; no confirma los valores del servidor actual. Se excluye iOS.",pendiente_verificacion_en_juego,,https://static.wikia.nocookie.net/ninjasaga/images/3/3f/Refresh.png/revision/latest?cb=20110704045859
wiki-454456814282,Water Spear,15,144,10,170,Create three water spears and pierce your enemy,[],Water,fandom_ninjutsu,Water Ninjutsu,"1,290",0,,https://ninjasaga.fandom.com/wiki/Water_Spear,"Ninja Saga Wiki (Fandom), Lista principal de Ninjutsu. Version historica; no confirma los valores del servidor actual. Se excluye iOS.",pendiente_verificacion_en_juego,,https://static.wikia.nocookie.net/ninjasaga/images/3/36/Water_Spear.png/revision/latest?cb=20110920141350
wiki-13063dd52961,Water Sphere,17,162,10,190,Attack your enemy with a chakra made in water sphere.,[],Water,fandom_ninjutsu,Water Ninjutsu,"1,490",0,,https://ninjasaga.fandom.com/wiki/Water_Sphere,"Ninja Saga Wiki (Fandom), Lista principal de Ninjutsu. Version historica; no confirma los valores del servidor actual. Se excluye iOS.",pendiente_verificacion_en_juego,,https://static.wikia.nocookie.net/ninjasaga/images/5/52/Water_Sphere.png/revision/latest?cb=20110920141742
wiki-119cbc2f8be1,Kinjutsu: Water Bundle,20,168,10,100,(Kinjutsu) Restrain your enemy. Enemy will not be able to use any skills for 2 /2/2/3/3 turns.,"[""2""]",Water,fandom_ninjutsu,Water Ninjutsu,"1,000",0,,https://ninjasaga.fandom.com/wiki/Kinjutsu:_Water_Bundle,"Ninja Saga Wiki (Fandom), Lista principal de Ninjutsu. Version historica; no confirma los valores del servidor actual. Se excluye iOS.",pendiente_verificacion_en_juego,,https://static.wikia.nocookie.net/ninjasaga/images/d/d3/Kinjutsu_-_Water_Bundle.png/revision/latest?cb=20110822180057
wiki-70bfceb42df0,Kinjutsu: Water Bundle II,20,279,14,240,(Kinjutsu) Restrain your enemy. Enemy will not be able to use any skills for 2/ 2 /2/3/3 turns.,"[""2""]",Water,fandom_ninjutsu,Water Ninjutsu,"1,000",0,,https://ninjasaga.fandom.com/wiki/Kinjutsu:_Water_Bundle_II,"Ninja Saga Wiki (Fandom), Lista principal de Ninjutsu. Version historica; no confirma los valores del servidor actual. Se excluye iOS.",pendiente_verificacion_en_juego,,https://static.wikia.nocookie.net/ninjasaga/images/0/06/Kinjutsu_-_Water_Bundle_II.png/revision/latest?cb=20120705144516
wiki-3539d7a82e0e,Kinjutsu: Water Bundle III,30,,14,315,(Kinjutsu) Restrain your enemy. Enemy will not be able to use any skills for 2/2/ 2 /3/3 turns.,"[""2""]",Water,fandom_ninjutsu,Water Ninjutsu,"1,000",0,,https://ninjasaga.fandom.com/wiki/Kinjutsu:_Water_Bundle_III,"Ninja Saga Wiki (Fandom), Lista principal de Ninjutsu. Version historica; no confirma los valores del servidor actual. Se excluye iOS.",pendiente_verificacion_en_juego,,
wiki-c24971502508,Kinjutsu: Water Bundle IV,20,,14,390,(Kinjutsu) Restrain your enemy. Enemy will not be able to use any skills for 2/2/2/ 3 /3 turns.,"[""3""]",Water,fandom_ninjutsu,Water Ninjutsu,"1,000",0,,https://ninjasaga.fandom.com/wiki/Kinjutsu:_Water_Bundle_IV,"Ninja Saga Wiki (Fandom), Lista principal de Ninjutsu. Version historica; no confirma los valores del servidor actual. Se excluye iOS.",pendiente_verificacion_en_juego,,
wiki-e8fee7311039,Kinjutsu: Water Bundle V,20,,14,465,(Kinjutsu) Restrain your enemy. Enemy will not be able to use any skills for 2/2/2/3/ 3 turns.,"[""3""]",Water,fandom_ninjutsu,Water Ninjutsu,"1,000",0,,https://ninjasaga.fandom.com/wiki/Kinjutsu:_Water_Bundle_V,"Ninja Saga Wiki (Fandom), Lista principal de Ninjutsu. Version historica; no confirma los valores del servidor actual. Se excluye iOS.",pendiente_verificacion_en_juego,,
wiki-d40be0b4de41,Dual Water Edge,21,198,10,230,Use two edges made of water to cut the enemy,[],Water,fandom_ninjutsu,Water Ninjutsu,"4,570",0,,https://ninjasaga.fandom.com/wiki/Dual_Water_Edge,"Ninja Saga Wiki (Fandom), Lista principal de Ninjutsu. Version historica; no confirma los valores del servidor actual. Se excluye iOS.",pendiente_verificacion_en_juego,,https://static.wikia.nocookie.net/ninjasaga/images/e/e8/Dual_Water_Edge.png/revision/latest?cb=20110920182030
wiki-1cb1c1ec887e,Refresh (Rank 4),21,Heal 450,10,240,Use your chakra to recover HP.(+HP),[],Water,fandom_ninjutsu,Water Ninjutsu,"4,570",0,,https://ninjasaga.fandom.com/wiki/Refresh_(Rank_4),"Ninja Saga Wiki (Fandom), Lista principal de Ninjutsu. Version historica; no confirma los valores del servidor actual. Se excluye iOS.",pendiente_verificacion_en_juego,,https://static.wikia.nocookie.net/ninjasaga/images/3/3f/Refresh.png/revision/latest?cb=20110704045859
wiki-f589c8cb3dfc,Dual Water Sphere,23,216,10,250,Attack your enemy with two chakra made in water sphere.,[],Water,fandom_ninjutsu,Water Ninjutsu,"5,130",0,,https://ninjasaga.fandom.com/wiki/Dual_Water_Sphere,"Ninja Saga Wiki (Fandom), Lista principal de Ninjutsu. Version historica; no confirma los valores del servidor actual. Se excluye iOS.",pendiente_verificacion_en_juego,,https://static.wikia.nocookie.net/ninjasaga/images/f/f4/Dual_Water_Sphere.png/revision/latest?cb=20110920182332
wiki-1747df2df54c,Water Swallow,26,243,10,280,Create large amount of water to flood your enemy.,[],Water,fandom_ninjutsu,Water Ninjutsu,"6,100",0,,https://ninjasaga.fandom.com/wiki/Water_Swallow,"Ninja Saga Wiki (Fandom), Lista principal de Ninjutsu. Version historica; no confirma los valores del servidor actual. Se excluye iOS.",pendiente_verificacion_en_juego,,https://static.wikia.nocookie.net/ninjasaga/images/3/37/Water_Shallow.png/revision/latest?cb=20110920182835
wiki-8bca84c37ba2,Summoning: Water Polo Cannon,28,131,10,900,Summons Tsunami of the SNF to use Water Sphere attack on all opponents.,[],Water,fandom_ninjutsu,Water Ninjutsu,"6,880",0,,https://ninjasaga.fandom.com/wiki/Summoning:_Water_Polo_Cannon,"Ninja Saga Wiki (Fandom), Lista principal de Ninjutsu. Version historica; no confirma los valores del servidor actual. Se excluye iOS.",pendiente_verificacion_en_juego,,https://static.wikia.nocookie.net/ninjasaga/images/9/9b/Summoning_-_Water_Polo_Cannon.png/revision/latest?cb=20120814154846
wiki-50ca52a8637e,Refresh (Rank 5),29,Heal 610,10,310,Use your chakra to recover HP.(+HP),[],Water,fandom_ninjutsu,Water Ninjutsu,"7,320",0,,https://ninjasaga.fandom.com/wiki/Refresh_(Rank_5),"Ninja Saga Wiki (Fandom), Lista principal de Ninjutsu. Version historica; no confirma los valores del servidor actual. Se excluye iOS.",pendiente_verificacion_en_juego,,https://static.wikia.nocookie.net/ninjasaga/images/3/3f/Refresh.png/revision/latest?cb=20110704045859
wiki-64016a7b06bb,Water Pressure Cannon,29,270,10,279,Compressed water ball mixed with chakra.,[],Water,fandom_ninjutsu,Water Ninjutsu,"7,320",0,,https://ninjasaga.fandom.com/wiki/Water_Pressure_Cannon,"Ninja Saga Wiki (Fandom), Lista principal de Ninjutsu. Version historica; no confirma los valores del servidor actual. Se excluye iOS.",pendiente_verificacion_en_juego,,https://static.wikia.nocookie.net/ninjasaga/images/5/5e/Water_Pressure_Cannon.png/revision/latest?cb=20110920184244
wiki-2e79d6edd49e,Kinjutsu: Prison Colliding Wave,30,0,10,150,(Kinjutsu) Reduce target HP & CP by 2% /3%/5%/8% and stun target for 2 turns.,"[""2%""]",Water,fandom_ninjutsu,Water Ninjutsu,"1,000",0,,https://ninjasaga.fandom.com/wiki/Kinjutsu:_Prison_Colliding_Wave,"Ninja Saga Wiki (Fandom), Lista principal de Ninjutsu. Version historica; no confirma los valores del servidor actual. Se excluye iOS.",pendiente_verificacion_en_juego,,https://static.wikia.nocookie.net/ninjasaga/images/a/aa/Kinjutsu_-_Prison_Colliding_Wave.png/revision/latest?cb=20110822180444
wiki-ed9880f2bca6,Kinjutsu: Prison Colliding Wave II,40,0,14,315,(Kinjutsu) Reduce target HP & CP by 2%/ 3% /5%/8% and stun target for 2 turns.,"[""3%""]",Water,fandom_ninjutsu,Water Ninjutsu,"1,000",0,,https://ninjasaga.fandom.com/wiki/Kinjutsu:_Prison_Colliding_Wave_II,"Ninja Saga Wiki (Fandom), Lista principal de Ninjutsu. Version historica; no confirma los valores del servidor actual. Se excluye iOS.",pendiente_verificacion_en_juego,,https://static.wikia.nocookie.net/ninjasaga/images/3/35/Kinjutsu_-_Prison_Colliding_Wave_II.png/revision/latest?cb=20120705144711
wiki-48d2717ab05b,Kinjutsu: Prison Colliding Wave III,50,0,14,390,(Kinjutsu) Reduce target HP & CP by 2%/3%/ 5% /8% and stun target for 2 turns.,"[""5%""]",Water,fandom_ninjutsu,Water Ninjutsu,"1,000",0,,https://ninjasaga.fandom.com/wiki/Kinjutsu:_Prison_Colliding_Wave_III,"Ninja Saga Wiki (Fandom), Lista principal de Ninjutsu. Version historica; no confirma los valores del servidor actual. Se excluye iOS.",pendiente_verificacion_en_juego,,
wiki-c819dc3a5003,Kinjutsu: Prison Colliding Wave IV,60,0,14,465,(Kinjutsu) Reduce target HP & CP by 2%/3%/5%/ 8% and stun target for 2 turns.,"[""8%""]",Water,fandom_ninjutsu,Water Ninjutsu,"1,000",0,,https://ninjasaga.fandom.com/wiki/Kinjutsu:_Prison_Colliding_Wave_IV,"Ninja Saga Wiki (Fandom), Lista principal de Ninjutsu. Version historica; no confirma los valores del servidor actual. Se excluye iOS.",pendiente_verificacion_en_juego,,
wiki-dc48033983f3,Water Convergence,31,288,10,330,Seize target in a water sphere and suffocate him.,[],Water,fandom_ninjutsu,Water Ninjutsu,"8,330",0,,https://ninjasaga.fandom.com/wiki/Water_Convergence,"Ninja Saga Wiki (Fandom), Lista principal de Ninjutsu. Version historica; no confirma los valores del servidor actual. Se excluye iOS.",pendiente_verificacion_en_juego,,https://static.wikia.nocookie.net/ninjasaga/images/0/06/Water_Convergence.png/revision/latest?cb=20110920184636
wiki-1cf21044b7c5,Four Shark Burst,34,315,10,360,Create four watery shark and strike your enemy.,[],Water,fandom_ninjutsu,Water Ninjutsu,"10,320",0,,https://ninjasaga.fandom.com/wiki/Four_Shark_Burst,"Ninja Saga Wiki (Fandom), Lista principal de Ninjutsu. Version historica; no confirma los valores del servidor actual. Se excluye iOS.",pendiente_verificacion_en_juego,,https://static.wikia.nocookie.net/ninjasaga/images/7/7a/Four_Shark_Burst.png/revision/latest?cb=20110920184947
wiki-ea67981efa6c,Refresh (Rank 6),34,Heal 710,10,360,Use your chakra to recover HP.(+HP),[],Water,fandom_ninjutsu,Water Ninjutsu,"10,320",0,,https://ninjasaga.fandom.com/wiki/Refresh_(Rank_6),"Ninja Saga Wiki (Fandom), Lista principal de Ninjutsu. Version historica; no confirma los valores del servidor actual. Se excluye iOS.",pendiente_verificacion_en_juego,,https://static.wikia.nocookie.net/ninjasaga/images/3/3f/Refresh.png/revision/latest?cb=20110704045859
wiki-e5043bb0a44b,Water Bombing,36,333,10,380,Emit three water bomb from the top of your enemy.,[],Water,fandom_ninjutsu,Water Ninjutsu,"12,100",0,,https://ninjasaga.fandom.com/wiki/Water_Bombing,"Ninja Saga Wiki (Fandom), Lista principal de Ninjutsu. Version historica; no confirma los valores del servidor actual. Se excluye iOS.",pendiente_verificacion_en_juego,,https://static.wikia.nocookie.net/ninjasaga/images/a/a2/Water_Bombing.png/revision/latest?cb=20110920185208
wiki-9be4c3b23fea,Kinjutsu: Shield of Suiten,40,0,10,200,(Kinjutsu) Take damage by CP instead of HP (Ratio: 1CP = 2 /3/3HP) ( 3 /3/4 turns). (HP will be reduced when there is not enough CP left),"[""2"", ""3""]",Water,fandom_ninjutsu,Water Ninjutsu,"1,000",0,,https://ninjasaga.fandom.com/wiki/Kinjutsu:_Shield_of_Suiten,"Ninja Saga Wiki (Fandom), Lista principal de Ninjutsu. Version historica; no confirma los valores del servidor actual. Se excluye iOS.",pendiente_verificacion_en_juego,,https://static.wikia.nocookie.net/ninjasaga/images/6/65/Kinjutsu_-_Shield_of_Suiten.png/revision/latest?cb=20110822180957
wiki-5a81e65015b2,Kinjutsu: Shield of Suiten II,50,0,14,390,(Kinjutsu) Take damage by CP instead of HP (Ratio: 1CP = 2/ 3 /3HP) (3/ 3 /4 turns). (HP will be reduced when there is not enough CP left),"[""3"", ""3""]",Water,fandom_ninjutsu,Water Ninjutsu,"1,000",0,,https://ninjasaga.fandom.com/wiki/Kinjutsu:_Shield_of_Suiten_II,"Ninja Saga Wiki (Fandom), Lista principal de Ninjutsu. Version historica; no confirma los valores del servidor actual. Se excluye iOS.",pendiente_verificacion_en_juego,,
wiki-990c91f5bd72,Kinjutsu: Shield of Suiten III,60,0,14,465,(Kinjutsu) Take damage by CP instead of HP (Ratio: 1CP = 2/3/ 3 HP) (3/3/ 4 turns). (HP will be reduced when there is not enough CP left),"[""3"", ""4""]",Water,fandom_ninjutsu,Water Ninjutsu,"1,000",0,,https://ninjasaga.fandom.com/wiki/Kinjutsu:_Shield_of_Suiten_III,"Ninja Saga Wiki (Fandom), Lista principal de Ninjutsu. Version historica; no confirma los valores del servidor actual. Se excluye iOS.",pendiente_verificacion_en_juego,,https://static.wikia.nocookie.net/ninjasaga/images/7/79/Shield_Of_Suiten_III.jpg/revision/latest?cb=20140907101117
wiki-1fcaa38c7c25,Refresh (Rank 7),40,Heal 830,10,420,Use your chakra to recover HP.(+HP),[],Water,fandom_ninjutsu,Water Ninjutsu,"17,400",0,,https://ninjasaga.fandom.com/wiki/Refresh_(Rank_7),"Ninja Saga Wiki (Fandom), Lista principal de Ninjutsu. Version historica; no confirma los valores del servidor actual. Se excluye iOS.",pendiente_verificacion_en_juego,,https://static.wikia.nocookie.net/ninjasaga/images/3/3f/Refresh.png/revision/latest?cb=20110704045859
wiki-2101bfea1b60,Water Shark Swallow,40,369,10,420,Create a water shark to flood your enemy.,[],Water,fandom_ninjutsu,Water Ninjutsu,"17,400",0,,https://ninjasaga.fandom.com/wiki/Water_Shark_Swallow,"Ninja Saga Wiki (Fandom), Lista principal de Ninjutsu. Version historica; no confirma los valores del servidor actual. Se excluye iOS.",pendiente_verificacion_en_juego,,https://static.wikia.nocookie.net/ninjasaga/images/4/47/Water_Shark_Swallow.png/revision/latest?cb=20110920185748
wiki-b67653c951a2,Water Pressure Strike,42,389,10,440,Attack enemy with water cannon.,[],Water,fandom_ninjutsu,Water Ninjutsu,"25,500",0,,https://ninjasaga.fandom.com/wiki/Water_Pressure_Strike,"Ninja Saga Wiki (Fandom), Lista principal de Ninjutsu. Version historica; no confirma los valores del servidor actual. Se excluye iOS.",pendiente_verificacion_en_juego,,https://static.wikia.nocookie.net/ninjasaga/images/c/c5/Water_Pressure_Strike.png/revision/latest?cb=20110920190122
wiki-66d194af0a4f,Water Pressure Multi Strike,44,405,10,460,Concentrate large amount of water and release huge vortexes.,[],Water,fandom_ninjutsu,Water Ninjutsu,"30,900",0,,https://ninjasaga.fandom.com/wiki/Water_Pressure_Multi_Strike,"Ninja Saga Wiki (Fandom), Lista principal de Ninjutsu. Version historica; no confirma los valores del servidor actual. Se excluye iOS.",pendiente_verificacion_en_juego,,https://static.wikia.nocookie.net/ninjasaga/images/9/9a/Water_Pressure_Multi_Strike1.png/revision/latest?cb=20110920193514
wiki-0f356990fd3d,Pressure Wave Impale,48,441,10,500,Concentrate large amount of water and release a huge vortex.,[],Water,fandom_ninjutsu,Water Ninjutsu,"47,800",0,,https://ninjasaga.fandom.com/wiki/Pressure_Wave_Impale,"Ninja Saga Wiki (Fandom), Lista principal de Ninjutsu. Version historica; no confirma los valores del servidor actual. Se excluye iOS.",pendiente_verificacion_en_juego,,https://static.wikia.nocookie.net/ninjasaga/images/4/46/Pressure_Wave_Impale.png/revision/latest?cb=20110920191315
wiki-88e3f381ffc7,Refresh (Rank 8),48,Heal 990,10,500,Use your chakra to recover HP.(+HP),[],Water,fandom_ninjutsu,Water Ninjutsu,"47,800",0,,https://ninjasaga.fandom.com/wiki/Refresh_(Rank_8),"Ninja Saga Wiki (Fandom), Lista principal de Ninjutsu. Version historica; no confirma los valores del servidor actual. Se excluye iOS.",pendiente_verificacion_en_juego,,https://static.wikia.nocookie.net/ninjasaga/images/3/3f/Refresh.png/revision/latest?cb=20110704045859
wiki-677bb17f4a63,Kinjutsu: Shark Encampment Shield,50,0,14,250,"Remove all negative status, + extra 30% /50% healing effect on water healing Ninjutsu and healing scroll ( 3 /4 turns), -10% /-15% target's CP on every attack the player receives. ( 3 /4 turns)","[""30%"", ""3"", ""-10%"", ""3""]",Water,fandom_ninjutsu,Water Ninjutsu,"1,000",0,,https://ninjasaga.fandom.com/wiki/Kinjutsu:_Shark_Encampment_Shield,"Ninja Saga Wiki (Fandom), Lista principal de Ninjutsu. Version historica; no confirma los valores del servidor actual. Se excluye iOS.",pendiente_verificacion_en_juego,,https://static.wikia.nocookie.net/ninjasaga/images/b/b5/Kinjutsu_-_Shark_Encampment_Shield.png/revision/latest?cb=20110822181430
wiki-7351bbc1dc4d,Kinjutsu: Shark Encampment Shield II,60,0,14,465,"Remove all negative status, + extra 30%/ 50% healing effect on water healing Ninjutsu and healing scroll (3/ 4 turns), -10%/ -15% target's CP on every attack the player receives. (3/ 4 turns)","[""50%"", ""4"", ""-15%"", ""4""]",Water,fandom_ninjutsu,Water Ninjutsu,"1,000",0,,https://ninjasaga.fandom.com/wiki/Kinjutsu:_Shark_Encampment_Shield_II,"Ninja Saga Wiki (Fandom), Lista principal de Ninjutsu. Version historica; no confirma los valores del servidor actual. Se excluye iOS.",pendiente_verificacion_en_juego,,https://static.wikia.nocookie.net/ninjasaga/images/3/36/Shark_Encampment_Shield_II.jpg/revision/latest?cb=20140907102003
wiki-2b364e12f1f2,Refresh (Rank 9),54,"Heal 1,100",10,560,Use your chakra to recover HP.(+HP),[],Water,fandom_ninjutsu,Water Ninjutsu,"95,100",0,,https://ninjasaga.fandom.com/wiki/Refresh_(Rank_9),"Ninja Saga Wiki (Fandom), Lista principal de Ninjutsu. Version historica; no confirma los valores del servidor actual. Se excluye iOS.",pendiente_verificacion_en_juego,,https://static.wikia.nocookie.net/ninjasaga/images/3/3f/Refresh.png/revision/latest?cb=20110704045859
wiki-6fa21847319b,Shark Rain,54,486,10,560,Damage target with a lot of sharks.,[],Water,fandom_ninjutsu,Water Ninjutsu,"95,100",0,,https://ninjasaga.fandom.com/wiki/Shark_Rain,"Ninja Saga Wiki (Fandom), Lista principal de Ninjutsu. Version historica; no confirma los valores del servidor actual. Se excluye iOS.",pendiente_verificacion_en_juego,,https://static.wikia.nocookie.net/ninjasaga/images/8/8e/Shark_Rain.png/revision/latest?cb=20110920191851
wiki-94dcd2c1f96d,Great Water Ball Strike,57,522,10,590,Concentrate a large amount of water and form a giant water bomb.,[],Water,fandom_ninjutsu,Water Ninjutsu,"129,350",0,,https://ninjasaga.fandom.com/wiki/Great_Water_Ball_Strike,"Ninja Saga Wiki (Fandom), Lista principal de Ninjutsu. Version historica; no confirma los valores del servidor actual. Se excluye iOS.",pendiente_verificacion_en_juego,,https://static.wikia.nocookie.net/ninjasaga/images/d/da/Great_Water_Ball_Strike.png/revision/latest?cb=20110920192459
wiki-58990670e532,Irresistible Water Blast,60,549,10,620,Blast high pressured water bombs to attack target.,[],Water,fandom_ninjutsu,Water Ninjutsu,"177,400",0,,https://ninjasaga.fandom.com/wiki/Irresistible_Water_Blast,"Ninja Saga Wiki (Fandom), Lista principal de Ninjutsu. Version historica; no confirma los valores del servidor actual. Se excluye iOS.",pendiente_verificacion_en_juego,,https://static.wikia.nocookie.net/ninjasaga/images/8/8e/Irresistible_Water_Blast.png/revision/latest?cb=20110920192744
wiki-3f4ad3ebea29,Kinjutsu: Strong Arm Of Suiten,60,549,14,300,"Reduce 20% combustion chance (4 turns), increase 3 Fire Ninjutsu cool down, reduce 50% damage if player is under 'Kinjutsu: Shark Encampment Shield' status effect. (4 turns)",[],Water,fandom_ninjutsu,Water Ninjutsu,"1,000",0,,https://ninjasaga.fandom.com/wiki/Kinjutsu:_Strong_Arm_Of_Suiten,"Ninja Saga Wiki (Fandom), Lista principal de Ninjutsu. Version historica; no confirma los valores del servidor actual. Se excluye iOS.",pendiente_verificacion_en_juego,,https://static.wikia.nocookie.net/ninjasaga/images/f/f3/Kinjutsu_-_Strong_Arm_Of_Suiten.png/revision/latest?cb=20110822182410
wiki-997cd8ab4a0b,Refresh (Rank 10),60,"Heal 1,230",10,560,Use your chakra to recover HP.(+HP),[],Water,fandom_ninjutsu,Water Ninjutsu,"177,400",0,,https://ninjasaga.fandom.com/wiki/Refresh_(Rank_10),"Ninja Saga Wiki (Fandom), Lista principal de Ninjutsu. Version historica; no confirma los valores del servidor actual. Se excluye iOS.",pendiente_verificacion_en_juego,,https://static.wikia.nocookie.net/ninjasaga/images/3/3f/Refresh.png/revision/latest?cb=20110704045859
wiki-b0669086e3c6,Water Ghost Impale,62,567,10,640,Burst out water from the ground and tight up your target.,[],Water,fandom_ninjutsu,Water Ninjutsu,"195,570",0,,https://ninjasaga.fandom.com/wiki/Water_Ghost_Impale,"Ninja Saga Wiki (Fandom), Lista principal de Ninjutsu. Version historica; no confirma los valores del servidor actual. Se excluye iOS.",pendiente_verificacion_en_juego,,https://static.wikia.nocookie.net/ninjasaga/images/b/bd/Water_Ghost_Impale.png/revision/latest?cb=20110829133012
wiki-3186825cd3a9,Great Water Scatter Burst,65,594,10,670,Burst out water from the ground and get your target flooded.,[],Water,fandom_ninjutsu,Water Ninjutsu,"225,720",0,,https://ninjasaga.fandom.com/wiki/Great_Water_Scatter_Burst,"Ninja Saga Wiki (Fandom), Lista principal de Ninjutsu. Version historica; no confirma los valores del servidor actual. Se excluye iOS.",pendiente_verificacion_en_juego,,https://static.wikia.nocookie.net/ninjasaga/images/7/78/Great_Water_Scatter_Burst.png/revision/latest?cb=20111005112634
wiki-0935adbeed6a,Hands of Water Cannon,70,639,10,720,Shoot our pressured water out of your hands.,[],Water,fandom_ninjutsu,Water Ninjutsu,"304,780",0,,https://ninjasaga.fandom.com/wiki/Hands_of_Water_Cannon,"Ninja Saga Wiki (Fandom), Lista principal de Ninjutsu. Version historica; no confirma los valores del servidor actual. Se excluye iOS.",pendiente_verificacion_en_juego,,https://static.wikia.nocookie.net/ninjasaga/images/e/e9/Hands_of_Water_Cannon.png/revision/latest?cb=20111102133502
wiki-012fe9d2e929,Refresh (Rank 11),70,"Heal 1,430",10,720,Use your chakra to recover HP.(+HP),[],Water,fandom_ninjutsu,Water Ninjutsu,"304,780",0,,https://ninjasaga.fandom.com/wiki/Refresh_(Rank_11),"Ninja Saga Wiki (Fandom), Lista principal de Ninjutsu. Version historica; no confirma los valores del servidor actual. Se excluye iOS.",pendiente_verificacion_en_juego,,https://static.wikia.nocookie.net/ninjasaga/images/3/3f/Refresh.png/revision/latest?cb=20110704045859
wiki-651fa86dfb63,Flash Water Cannon Strike,75,684,8,770,"Form a solid wall with water, and crush your target.",[],Water,fandom_ninjutsu,Water Ninjutsu,"412,540",0,,https://ninjasaga.fandom.com/wiki/Flash_Water_Cannon_Strike,"Ninja Saga Wiki (Fandom), Lista principal de Ninjutsu. Version historica; no confirma los valores del servidor actual. Se excluye iOS.",pendiente_verificacion_en_juego,,https://static.wikia.nocookie.net/ninjasaga/images/7/76/Flash_Water_Cannon_Strike.png/revision/latest?cb=20111114202538
wiki-58bf65af5f4c,Boosted Water Pressure Burst,80,729,10,820,Focus water element in both hands and use chakra increases its physical size.,[],Water,fandom_ninjutsu,Water Ninjutsu,"536,020",0,,https://ninjasaga.fandom.com/wiki/Boosted_Water_Pressure_Burst,"Ninja Saga Wiki (Fandom), Lista principal de Ninjutsu. Version historica; no confirma los valores del servidor actual. Se excluye iOS.",pendiente_verificacion_en_juego,,https://static.wikia.nocookie.net/ninjasaga/images/8/89/Boosted_Water_Pressure_Burst.png/revision/latest?cb=20111213215004
wiki-082cce1312b8,Refresh (Rank 12),80,"Heal 1,630",10,820,Use your chakra to recover HP.(+HP),[],Water,fandom_ninjutsu,Water Ninjutsu,"536,020",0,,https://ninjasaga.fandom.com/wiki/Refresh_(Rank_12),"Ninja Saga Wiki (Fandom), Lista principal de Ninjutsu. Version historica; no confirma los valores del servidor actual. Se excluye iOS.",pendiente_verificacion_en_juego,,https://static.wikia.nocookie.net/ninjasaga/images/3/3f/Refresh.png/revision/latest?cb=20110704045859
wiki-37f1538ff05d,Summoning: Three and a half twists Tsunami,80,437,10,"2,460",Summons Tsunami of the SNF to cause a tsunami from a platform dive. Reduces 30% CP of opponent.,[],Water,fandom_ninjutsu,Water Ninjutsu,"10,000",0,,https://ninjasaga.fandom.com/wiki/Summoning:_Three_and_a_half_twists_Tsunami,"Ninja Saga Wiki (Fandom), Lista principal de Ninjutsu. Version historica; no confirma los valores del servidor actual. Se excluye iOS.",pendiente_verificacion_en_juego,,https://static.wikia.nocookie.net/ninjasaga/images/a/a5/Summoning_-_Three_and_a_half_twists_Tsunami.png/revision/latest?cb=20120813163843
wiki-82c73aa38ac7,Kinjutsu: Reverse Moving Water,5,0,50,10,(Kinjutsu) User consumes all CP and fully restores HP,[],Water,fandom_ninjutsu,Event Water Ninjutsu,,,Materials Market during 3rd Anniversary : x1 Heart of Kari x1 Crystal of Kari x20 Primary Ninja Ribbon x10 Intermediate Ninja Ribbon x10 Superior Ninja Ribbon x10 Winner Certificate,https://ninjasaga.fandom.com/wiki/Kinjutsu:_Reverse_Moving_Water,"Ninja Saga Wiki (Fandom), Lista principal de Ninjutsu. Version historica; no confirma los valores del servidor actual. Se excluye iOS.",pendiente_verificacion_en_juego,,https://static.wikia.nocookie.net/ninjasaga/images/3/3f/Kinjutsu_-_Reverse_Moving_Water.png/revision/latest?cb=20120722135252
wiki-e1736f7f338d,Kinjutsu: Mizu Dojigiri,40,496,10,0,(Kinjutsu) Does not consume CP,[],Water,fandom_ninjutsu,Event Water Ninjutsu,,,Materials Market during 3rd Anniversary : x1 Heart of Kari x1 Crystal of Kari x6 Primary Ninja Ribbon x4 Intermediate Ninja Ribbon x4 Superior Ninja Ribbon x4 Winner Certificate,https://ninjasaga.fandom.com/wiki/Kinjutsu:_Mizu_Dojigiri,"Ninja Saga Wiki (Fandom), Lista principal de Ninjutsu. Version historica; no confirma los valores del servidor actual. Se excluye iOS.",pendiente_verificacion_en_juego,,https://static.wikia.nocookie.net/ninjasaga/images/b/b8/Kinjutsu_-_Mizu_Dojigiri.png/revision/latest?cb=20120722135725
wiki-1b4ebd7315e3,Kinjutsu: Shin Breath Tower,80,802,10,820,(Kinjutsu) Target inflicts the 'Weaken' status (1 turn) (Reduce 100% attack damage),[],Water,fandom_ninjutsu,Event Water Ninjutsu,,,Materials Market during 3rd Anniversary : x1 Heart of Kari x1 Crystal of Kari x24 Primary Ninja Ribbon x12 Intermediate Ninja Ribbon x12 Superior Ninja Ribbon x12 Winner Certificate,https://ninjasaga.fandom.com/wiki/Kinjutsu:_Shin_Breath_Tower,"Ninja Saga Wiki (Fandom), Lista principal de Ninjutsu. Version historica; no confirma los valores del servidor actual. Se excluye iOS.",pendiente_verificacion_en_juego,,https://static.wikia.nocookie.net/ninjasaga/images/f/f3/Kinjutsu_-_Shin_Breath_Tower.png/revision/latest?cb=20120722140022
